,DATE,USREC,SPX,ret,ue_grad,ue_indicator,rrs_indicator,equity_allocation
0,1950-10-01,0,19.87,-0.0020130850528435884,0,0,0,0.30421687266579844
1,1950-11-01,0,19.83,-0.004034291477559182,0,0,0,0.30421687266579844
2,1950-12-01,0,19.75,0.07392405063291152,0,0,0,0.30421687266579844
3,1951-01-01,0,21.21,0.03724658180103724,0,0,0,0.30421687266579844
4,1951-02-01,0,22.0,-0.016818181818181843,0,0,0,0.30421687266579844
5,1951-03-01,0,21.63,0.013407304669440734,0,0,0,0.30421687266579844
6,1951-04-01,0,21.92,0.00045620437956195303,0,0,1,0.30421687266579844
7,1951-05-01,0,21.93,-0.017327861377108955,0,0,0,0.30421687266579844
8,1951-06-01,0,21.55,0.017633410672853733,0,0,0,0.30421687266579844
9,1951-07-01,0,21.93,0.04377564979480164,0,0,0,0.30421687266579844
10,1951-08-01,0,22.89,0.02577544779379637,0,0,0,0.30421687266579844
11,1951-09-01,0,23.48,-0.005110732538330498,0,0,0,0.30421687266579844
12,1951-10-01,0,23.36,-0.02782534246575341,1,1,0,0.3181847445405851
13,1951-11-01,0,22.71,0.030823425803610638,1,0,0,0.3181847445405851
14,1951-12-01,0,23.41,0.03331909440410086,0,0,1,0.3181847445405851
15,1952-01-01,0,24.19,-0.01818933443571724,0,0,0,0.3211815646861917
16,1952-02-01,0,23.75,0.00252631578947371,0,0,0,0.3211815646861917
17,1952-03-01,0,23.81,-0.0029399412011760218,0,0,0,0.3211815646861917
18,1952-04-01,0,23.74,-0.0004212299915753448,0,0,0,0.32396301304139224
19,1952-05-01,0,23.73,0.027391487568478645,0,0,0,0.32396301304139224
20,1952-06-01,0,24.38,0.028712059064807116,0,0,0,0.32396301304139224
21,1952-07-01,0,25.08,0.003987240829346206,1,1,0,0.3184872917146587
22,1952-08-01,0,25.18,-0.015885623510722757,1,0,1,0.3184872917146587
23,1952-09-01,0,24.78,-0.02098466505246166,0,0,0,0.3184872917146587
24,1952-10-01,0,24.26,0.03173948887056888,0,0,0,0.30188075634355377
25,1952-11-01,0,25.03,0.040351578106272434,0,0,0,0.30188075634355377
26,1952-12-01,0,26.04,0.005376344086021501,0,0,0,0.30188075634355377
27,1953-01-01,0,26.18,-0.012223071046600475,0,0,0,0.2971254629239156
28,1953-02-01,0,25.86,0.005027068832173187,0,0,0,0.2971254629239156
29,1953-03-01,0,25.99,-0.04924971142747203,0,0,0,0.2971254629239156
30,1953-04-01,0,24.71,0.005261027923917361,0,0,0,0.28421203332532835
31,1953-05-01,0,24.84,-0.03582930756843805,0,0,0,0.28421203332532835
32,1953-06-01,0,23.95,0.014196242171189866,0,0,0,0.28421203332532835
33,1953-07-01,0,24.29,0.004116920543433489,0,0,0,0.27419386744291147
34,1953-08-01,1,24.39,-0.04592045920459209,0,0,0,0.27419386744291147
35,1953-09-01,1,23.27,0.030081650193382048,1,1,0,0.27419386744291147
36,1953-10-01,1,23.97,0.02211097204839385,1,0,1,0.28622699314489625
37,1953-11-01,1,24.5,0.01346938775510198,1,0,0,0.28622699314489625
38,1953-12-01,1,24.83,0.025372533225936467,1,0,0,0.28622699314489625
39,1954-01-01,1,25.46,0.021995286724273422,1,0,0,0.29959942853923593
40,1954-02-01,1,26.02,0.021137586471944747,1,0,0,0.29959942853923593
41,1954-03-01,1,26.57,0.03989461799021443,1,0,0,0.29959942853923593
42,1954-04-01,1,27.63,0.03981179876945351,1,0,0,0.31409061126334115
43,1954-05-01,1,28.73,0.00800556909154193,1,0,0,0.31409061126334115
44,1954-06-01,0,28.96,0.04040055248618768,1,0,0,0.31409061126334115
45,1954-07-01,0,30.13,0.019913707268503167,1,0,1,0.3290787060996653
46,1954-08-01,0,30.73,0.023429873088187447,1,0,0,0.3290787060996653
47,1954-09-01,0,31.45,0.02321144674085862,1,0,0,0.3290787060996653
48,1954-10-01,0,32.18,0.03915475450590433,1,0,0,0.3255836992185643
49,1954-11-01,0,33.44,0.04575358851674638,0,0,0,0.3255836992185643
50,1954-12-01,0,34.97,0.018015441807263333,0,0,0,0.3255836992185643
51,1955-01-01,0,35.6,0.03342696629213471,0,0,0,0.331416018201433
52,1955-02-01,0,36.79,-0.007882576787170414,0,0,0,0.331416018201433
53,1955-03-01,0,36.5,0.034520547945205315,0,0,0,0.331416018201433
54,1955-04-01,0,37.76,-0.004237288135593098,0,0,0,0.34782161669431416
55,1955-05-01,0,37.6,0.05797872340425525,0,0,0,0.34782161669431416
56,1955-06-01,0,39.78,0.07315233785822017,0,0,0,0.34782161669431416
57,1955-07-01,0,42.69,-0.0060904193019442054,0,0,0,0.3559830175958601
58,1955-08-01,0,42.43,0.04501531934951686,0,0,0,0.3559830175958601
59,1955-09-01,0,44.34,-0.05029318899413626,0,0,0,0.3559830175958601
60,1955-10-01,0,42.11,0.06744241272856821,0,0,0,0.3521530941217868
61,1955-11-01,0,44.95,0.009343715239154449,0,0,0,0.3521530941217868
62,1955-12-01,0,45.37,-0.0268900154286974,0,0,0,0.3521530941217868
63,1956-01-01,0,44.15,0.006342015855039573,0,0,0,0.36547512137543725
64,1956-02-01,0,44.43,0.06887238352464564,0,0,0,0.36547512137543725
65,1956-03-01,0,47.49,0.011791956201305354,1,1,0,0.36547512137543725
66,1956-04-01,0,48.05,-0.03142559833506764,0,0,0,0.3570318533948089
67,1956-05-01,0,46.54,-0.0058014611087235934,1,1,0,0.3570318533948089
68,1956-06-01,0,46.27,0.05424681218932359,1,0,0,0.3570318533948089
69,1956-07-01,0,48.78,-0.0059450594505945364,1,0,0,0.3495629835060575
70,1956-08-01,0,48.49,-0.034027634563827514,0,0,0,0.3495629835060575
71,1956-09-01,0,46.84,-0.012809564474807855,0,0,1,0.3495629835060575
72,1956-10-01,0,46.24,-0.01038062283737029,0,0,0,0.3604755236273837
73,1956-11-01,0,45.76,0.014860139860139787,1,1,0,0.3604755236273837
74,1956-12-01,0,46.44,-0.02174849267872514,1,0,0,0.3604755236273837
75,1957-01-01,0,45.43,-0.04314329738058553,1,0,0,0.34873199731735877
76,1957-02-01,0,43.47,0.012882447665056418,0,0,0,0.34873199731735877
77,1957-03-01,0,44.03,0.02316602316602312,0,0,0,0.34873199731735877
78,1957-04-01,0,45.05,0.03840177580466153,0,0,0,0.36153810327505637
79,1957-05-01,0,46.78,0.01646002565198801,1,1,0,0.36153810327505637
80,1957-06-01,0,47.55,0.02018927444794949,1,0,0,0.36153810327505637
81,1957-07-01,0,48.51,-0.055040197897340604,1,0,0,0.3375917381143245
82,1957-08-01,0,45.84,-0.040575916230366604,1,0,0,0.3375917381143245
83,1957-09-01,1,43.98,-0.0623010459299681,1,0,0,0.3375917381143245
84,1957-10-01,1,41.24,-0.021580989330746814,1,0,0,0.3343840752241769
85,1957-11-01,1,40.35,-0.0004956629491946751,1,0,0,0.3343840752241769
86,1957-12-01,1,40.33,0.019588395735184783,1,0,1,0.3343840752241769
87,1958-01-01,1,41.12,0.003404669260700377,1,0,0,0.34520174063640646
88,1958-02-01,1,41.26,0.02060106640814352,1,0,0,0.34520174063640646
89,1958-03-01,1,42.11,0.005461885537877187,1,0,0,0.34520174063640646
90,1958-04-01,1,42.34,0.03212092583845072,1,0,0,0.3542214819385344
91,1958-05-01,0,43.7,0.024027459954233388,1,0,0,0.3542214819385344
92,1958-06-01,0,44.75,0.027486033519553033,1,0,0,0.3542214819385344
93,1958-07-01,0,45.98,0.03740756850804705,1,0,0,0.37282201820604133
94,1958-08-01,0,47.7,0.026415094339622636,1,0,0,0.37282201820604133
95,1958-09-01,0,48.96,0.040645424836601274,1,0,0,0.37282201820604133
96,1958-10-01,0,50.95,0.0304219823356231,1,0,0,0.37476500297176674
97,1958-11-01,0,52.5,0.018857142857142906,0,0,0,0.37476500297176674
98,1958-12-01,0,53.49,0.03982052720134588,0,0,0,0.37476500297176674
99,1959-01-01,0,55.62,-0.01528227256382586,0,0,0,0.37775751552163744
100,1959-02-01,0,54.77,0.025378857038524716,0,0,0,0.37775751552163744
101,1959-03-01,0,56.16,0.016737891737891752,0,0,0,0.37775751552163744
102,1959-04-01,0,57.1,0.015061295971978916,0,0,0,0.38200181293966645
103,1959-05-01,0,57.96,-0.008626639061421693,0,0,0,0.38200181293966645
104,1959-06-01,0,57.46,0.03967977723633842,0,0,0,0.38200181293966645
105,1959-07-01,0,59.74,-0.005691329092735287,0,0,0,0.3733282521718656
106,1959-08-01,0,59.4,-0.039562289562289576,0,0,0,0.3733282521718656
107,1959-09-01,0,57.05,-0.0008764241893075564,0,0,0,0.3733282521718656
108,1959-10-01,0,57.0,0.00403508771929828,1,1,0,0.38106300546932315
109,1959-11-01,0,57.23,0.031976236239734446,1,0,0,0.38106300546932315
110,1959-12-01,0,59.06,-0.01743989163562476,0,0,1,0.38106300546932315
111,1960-01-01,0,58.03,-0.03877304842322937,0,0,0,0.3674328059447239
112,1960-02-01,0,55.78,-0.013624955181068432,0,0,0,0.3674328059447239
113,1960-03-01,0,55.02,0.01290439840058144,1,1,0,0.3674328059447239
114,1960-04-01,0,55.73,-0.009151265027812605,0,0,0,0.36930376962890193
115,1960-05-01,1,55.22,0.03694313654473014,0,0,1,0.36930376962890193
116,1960-06-01,1,57.26,-0.02479916171847707,1,1,0,0.36930376962890193
117,1960-07-01,1,55.84,0.011998567335243404,1,0,0,0.3508512882045626
118,1960-08-01,1,56.51,-0.030083171120155683,1,0,0,0.3508512882045626
119,1960-09-01,1,54.81,-0.019704433497537033,1,0,0,0.3508512882045626
120,1960-10-01,1,53.73,0.032384142936906724,1,0,0,0.3722266913006197
121,1960-11-01,1,55.47,0.023976924463674054,1,0,0,0.3722266913006197
122,1960-12-01,1,56.8,0.051408450704225395,1,0,0,0.3722266913006197
123,1961-01-01,1,59.72,0.041024782317481634,1,0,1,0.3962026681704035
124,1961-02-01,1,62.17,0.03136561042303376,1,0,0,0.3962026681704035
125,1961-03-01,0,64.12,0.026668746101060403,1,0,0,0.3962026681704035
126,1961-04-01,0,65.83,0.01017773051800086,1,0,0,0.3934253554731636
127,1961-05-01,0,66.5,-0.013233082706766819,1,0,0,0.3934253554731636
128,1961-06-01,0,65.62,-0.0027430661383724964,1,0,0,0.3934253554731636
129,1961-07-01,0,65.44,0.03591075794621035,1,0,0,0.3953648229973617
130,1961-08-01,0,67.79,-0.007818262280572363,0,0,0,0.3953648229973617
131,1961-09-01,0,67.26,0.01100208147487347,0,0,0,0.3953648229973617
132,1961-10-01,0,68.0,0.04529411764705871,0,0,0,0.4072572119253577
133,1961-11-01,0,71.08,0.00928531232414187,0,0,0,0.4072572119253577
134,1961-12-01,0,71.74,-0.037217730694173445,0,0,0,0.4072572119253577
135,1962-01-01,0,69.07,0.016649775589981264,0,0,0,0.40056062578387386
136,1962-02-01,0,70.22,0.0009968669894617754,0,0,0,0.40056062578387386
137,1962-03-01,0,70.29,-0.03186797552994747,0,0,0,0.40056062578387386
138,1962-04-01,0,68.05,-0.07435709037472438,0,0,0,0.33424687160721306
139,1962-05-01,0,62.99,-0.11684394348309257,0,0,0,0.33424687160721306
140,1962-06-01,0,55.63,0.024087722451914262,0,0,0,0.33424687160721306
141,1962-07-01,0,56.97,0.02720730208881883,0,0,0,0.34396817043134115
142,1962-08-01,0,58.52,-0.008885850991114164,0,0,0,0.34396817043134115
143,1962-09-01,0,58.0,-0.03155172413793106,0,0,0,0.34396817043134115
144,1962-10-01,0,56.17,0.06889798824995541,0,0,0,0.3844004470086082
145,1962-11-01,0,60.04,0.04330446369087282,1,1,0,0.3844004470086082
146,1962-12-01,0,62.64,0.03863346104725407,0,0,0,0.3844004470086082
147,1963-01-01,0,65.06,0.01321856747617578,1,1,0,0.3956990004962288
148,1963-02-01,0,65.92,-0.003792475728155331,1,0,0,0.3956990004962288
149,1963-03-01,0,65.67,0.047053449063499286,1,0,0,0.3956990004962288
150,1963-04-01,0,68.76,0.02006980802792313,1,0,0,0.40259681739060915
151,1963-05-01,0,70.14,-0.00042771599657831505,1,0,0,0.40259681739060915
152,1963-06-01,0,70.11,-0.014833832548851844,0,0,0,0.40259681739060915
153,1963-07-01,0,69.07,0.027653105545099255,0,0,0,0.4096279000447116
154,1963-08-01,0,70.98,0.02634544942237227,0,0,0,0.4096279000447116
155,1963-09-01,0,72.85,0.00247083047357588,0,0,0,0.4096279000447116
156,1963-10-01,0,73.03,-0.005614131178967474,0,0,0,0.3937369825855725
157,1963-11-01,0,72.62,0.02134398237400159,1,1,0,0.3937369825855725
158,1963-12-01,0,74.17,0.03074019145206952,0,0,0,0.3937369825855725
159,1964-01-01,0,76.45,0.012295618051013646,0,0,0,0.4062509501289411
160,1964-02-01,0,77.39,0.018219408192272857,0,0,0,0.4062509501289411
161,1964-03-01,0,78.8,0.014467005076142181,0,0,0,0.4062509501289411
162,1964-04-01,0,79.94,0.009757317988491332,0,0,0,0.4095564061175683
163,1964-05-01,0,80.72,-0.00594648166501488,0,0,0,0.4095564061175683
164,1964-06-01,0,80.24,0.037138584247258244,0,0,0,0.4095564061175683
165,1964-07-01,0,83.22,-0.014659937515020371,0,0,0,0.41385829013768116
166,1964-08-01,0,82.0,0.017195121951219416,0,0,0,0.41385829013768116
167,1964-09-01,0,83.41,0.017264117012348645,0,0,0,0.41385829013768116
168,1964-10-01,0,84.85,0.00695344725987046,0,0,0,0.41313828873267994
169,1964-11-01,0,85.44,-0.017322097378277168,0,0,0,0.41313828873267994
170,1964-12-01,0,83.96,0.025726536445926707,0,0,0,0.41313828873267994
171,1965-01-01,0,86.12,0.007315373896888078,0,0,0,0.4163999111623495
172,1965-02-01,0,86.75,0.0009221902017291228,1,1,0,0.4163999111623495
173,1965-03-01,0,86.83,0.013129102844638973,0,0,0,0.4163999111623495
174,1965-04-01,0,87.97,0.014891440263726352,0,0,0,0.4030365018154453
175,1965-05-01,0,89.28,-0.04749103942652322,0,0,0,0.4030365018154453
176,1965-06-01,0,85.04,-0.0015286923800565955,0,0,0,0.4030365018154453
177,1965-07-01,0,84.91,0.0186079378165116,0,0,0,0.42049677305116107
178,1965-08-01,0,86.49,0.033414267545381016,0,0,0,0.42049677305116107
179,1965-09-01,0,89.38,0.02248825240545993,0,0,0,0.42049677305116107
180,1965-10-01,0,91.39,0.008316008316008316,0,0,0,0.4284153781677351
181,1965-11-01,0,92.15,-0.004557786218122639,0,0,0,0.4284153781677351
182,1965-12-01,0,91.73,0.017333478687452164,0,0,0,0.4284153781677351
183,1966-01-01,0,93.32,-0.006750964423488992,0,0,0,0.418748934055746
184,1966-02-01,0,92.69,-0.04110475779479994,0,0,0,0.418748934055746
185,1966-03-01,0,88.88,0.03060306030603055,0,0,0,0.418748934055746
186,1966-04-01,0,91.6,-0.05262008733624446,0,0,0,0.4044591452859489
187,1966-05-01,0,86.78,-0.008296842590458597,0,0,0,0.4044591452859489
188,1966-06-01,0,86.06,-0.0025563560306762767,0,0,0,0.4044591452859489
189,1966-07-01,0,85.84,-0.06046132339235788,0,0,0,0.3762503237507221
190,1966-08-01,0,80.65,-0.035213887166769986,0,0,0,0.3762503237507221
191,1966-09-01,0,77.81,-0.008739236601979283,0,0,0,0.3762503237507221
192,1966-10-01,0,77.13,0.05004537793335917,0,0,0,0.3880338200365264
193,1966-11-01,0,80.99,0.004198049141869387,0,0,0,0.3880338200365264
194,1966-12-01,0,81.33,0.03836222796016231,1,1,1,0.3880338200365264
195,1967-01-01,0,84.45,0.03445825932504443,1,0,0,0.4153304393551202
196,1967-02-01,0,87.36,0.023580586080585997,1,0,0,0.4153304393551202
197,1967-03-01,0,89.42,0.01722209796466112,1,0,0,0.4153304393551202
198,1967-04-01,0,90.96,0.01791996481970104,1,0,0,0.4167867932552372
199,1967-05-01,0,92.59,-0.012528350793822196,1,0,0,0.4167867932552372
200,1967-06-01,0,91.43,0.017280979984687805,1,0,0,0.4167867932552372
201,1967-07-01,0,93.01,0.01591226749811847,1,0,0,0.42763411071588786
202,1967-08-01,0,94.49,0.01396973224679865,1,0,0,0.42763411071588786
203,1967-09-01,0,95.81,-0.0015655985805239636,1,0,0,0.42763411071588786
204,1967-10-01,0,95.66,-0.03136107045787162,1,0,0,0.4263123503176271
205,1967-11-01,0,92.66,0.028491258363910976,1,0,0,0.4263123503176271
206,1967-12-01,0,95.3,-0.0027282266526756915,0,0,0,0.4263123503176271
207,1968-01-01,0,95.04,-0.04513888888888895,0,0,0,0.4069747864120765
208,1968-02-01,0,90.75,-0.018292011019283683,0,0,0,0.4069747864120765
209,1968-03-01,0,89.09,0.07385789650914809,0,0,0,0.4069747864120765
210,1968-04-01,0,95.67,0.02299571443503723,0,0,0,0.4344384552978569
211,1968-05-01,0,97.87,0.026872381730867367,0,0,0,0.4344384552978569
212,1968-06-01,0,100.5,-0.0019900497512438386,0,0,0,0.4344384552978569
213,1968-07-01,0,100.3,-0.021834496510468537,0,0,0,0.4341112822143955
214,1968-08-01,0,98.11,0.03251452451330139,0,0,0,0.4341112822143955
215,1968-09-01,0,101.3,0.024679170779861703,0,0,0,0.4341112822143955
216,1968-10-01,0,103.8,0.015414258188824803,0,0,0,0.4525339869310933
217,1968-11-01,0,105.4,0.010436432637571214,0,0,0,0.4525339869310933
218,1968-12-01,0,106.5,-0.04225352112676062,0,0,0,0.4525339869310933
219,1969-01-01,0,102.0,-0.004901960784313708,0,0,0,0.4376413347589439
220,1969-02-01,0,101.5,-0.021674876847290636,0,0,0,0.4376413347589439
221,1969-03-01,0,99.3,0.020140986908358416,0,0,0,0.4376413347589439
222,1969-04-01,0,101.3,0.03257650542941759,0,0,0,0.42434573451915836
223,1969-05-01,0,104.6,-0.0521988527724665,0,0,0,0.42434573451915836
224,1969-06-01,0,99.14,-0.044684284849707545,1,1,0,0.42434573451915836
225,1969-07-01,0,94.71,-0.005596029986273732,1,0,1,0.41347664078200663
226,1969-08-01,0,94.18,0.003503928647271115,1,0,0,0.41347664078200663
227,1969-09-01,0,94.51,0.010686699820124712,1,0,0,0.41347664078200663
228,1969-10-01,0,95.52,0.007223618090452133,1,0,0,0.3962680295545896
229,1969-11-01,0,96.21,-0.053009042719052046,1,0,1,0.3962680295545896
230,1969-12-01,0,91.11,-0.008780594885303472,1,0,0,0.3962680295545896
231,1970-01-01,1,90.31,-0.03487985826597284,1,0,1,0.38588290450452856
232,1970-02-01,1,87.16,0.017094997705369597,1,0,0,0.38588290450452856
233,1970-03-01,1,88.65,0.012633915848843769,1,0,0,0.38588290450452856
234,1970-04-01,1,90.06999969,-0.003108679593246344,1,0,0,0.3300977804987535
235,1970-05-01,1,81.44000244,-0.025417480697216943,1,0,0,0.3300977804987535
236,1970-06-01,1,77.83999634,0.0,1,0,0,0.3300977804987535
237,1970-07-01,1,72.94000244,-0.00027425650302737026,1,0,0,0.36067089282643183
238,1970-08-01,1,72.94000244,-0.00027425650302737026,1,0,0,0.36067089282643183
239,1970-09-01,1,80.94999695,0.00012355936228369835,1,0,0,0.36067089282643183
240,1970-10-01,1,84.31999969,0.009962096455031322,1,0,0,0.37784347073873426
241,1970-11-01,1,84.31999969,0.009962096455031322,1,0,1,0.37784347073873426
242,1970-12-01,0,87.47000122,0.011546840355697308,1,0,0,0.37784347073873426
243,1971-01-01,0,87.47000122,0.011546840355697308,1,0,0,0.39909505150834945
244,1971-02-01,0,96.41999817,0.00010373511916439426,1,0,0,0.39909505150834945
245,1971-03-01,0,97.0,-0.00020615092783504707,1,0,0,0.39909505150834945
246,1971-04-01,0,100.3899994,0.0016933778365977314,1,0,0,0.39330488504246747
247,1971-05-01,0,100.3899994,0.0016933778365977314,1,0,0,0.39330488504246747
248,1971-06-01,0,100.1999969,0.007584852530070352,1,0,0,0.39330488504246747
249,1971-07-01,0,99.77999878,0.0,1,0,0,0.38577097771817676
250,1971-08-01,0,99.77999878,0.0,1,0,0,0.38577097771817676
251,1971-09-01,0,99.06999969,0.0022206644866094027,1,0,0,0.38577097771817676
252,1971-10-01,0,98.93000031,0.002830271597317413,0,0,0,0.39536110939660657
253,1971-11-01,0,92.80000305,0.004094797925763505,1,1,0,0.39536110939660657
254,1971-12-01,0,95.44000244,0.004191050814897679,1,0,0,0.39536110939660657
255,1972-01-01,0,95.44000244,0.004191050814897679,0,0,0,0.40537263163883946
256,1972-02-01,0,104.0100021,0.006441670863114091,0,0,0,0.40537263163883946
257,1972-03-01,0,107.3499985,-0.0002794485367412225,0,0,0,0.40537263163883946
258,1972-04-01,0,107.3499985,-0.0002794485367412225,0,0,0,0.4002480751308786
259,1972-05-01,0,106.6900024,-0.005717504792182804,0,0,0,0.4002480751308786
260,1972-06-01,0,109.6900024,0.0003646731618633936,0,0,0,0.4002480751308786
261,1972-07-01,0,109.6900024,0.0003646731618633936,0,0,0,0.40139474432301875
262,1972-08-01,0,108.4000015,0.008210326454654027,0,0,0,0.40139474432301875
263,1972-09-01,0,111.5100021,-0.002510973856398091,0,0,0,0.40139474432301875
264,1972-10-01,0,111.5100021,-0.002510973856398091,0,0,0,0.42493965666199357
265,1972-11-01,0,112.6699982,0.004970313383745095,0,0,0,0.42493965666199357
266,1972-12-01,0,117.3799973,0.0033225362836160066,0,0,0,0.42493965666199357
267,1973-01-01,0,117.3799973,0.0033225362836160066,0,0,0,0.4010325149341764
268,1973-02-01,0,114.7600021,-0.003572704709805863,0,0,0,0.4010325149341764
269,1973-03-01,0,111.0500031,0.011076052820029103,0,0,0,0.4010325149341764
270,1973-04-01,0,111.0500031,0.011076052820029103,0,0,0,0.3771083834720679
271,1973-05-01,0,107.0999985,0.012418317634243614,0,0,0,0.3771083834720679
272,1973-06-01,0,103.9300003,-0.009236977746838404,0,0,0,0.3771083834720679
273,1973-07-01,0,103.9300003,-0.009236977746838404,0,0,0,0.387729270444886
274,1973-08-01,0,106.8300018,-0.001497740309876261,0,0,0,0.387729270444886
275,1973-09-01,0,106.8300018,-0.001497740309876261,0,0,0,0.387729270444886
276,1973-10-01,0,108.2099991,0.005359964927677208,0,0,0,0.34365710401832616
277,1973-11-01,0,107.6900024,-0.005757291170791157,0,0,0,0.34365710401832616
278,1973-12-01,0,107.6900024,-0.005757291170791157,1,1,1,0.34365710401832616
279,1974-01-01,0,107.6900024,-0.005757291170791157,1,0,0,0.3340183013978093
280,1974-02-01,1,95.31999969,-0.02129667201638663,1,0,0,0.3340183013978093
281,1974-03-01,1,95.52999878,0.0,1,0,0,0.3340183013978093
282,1974-04-01,1,93.25,0.001072369651474503,1,0,0,0.30478317291564233
283,1974-05-01,1,92.22000122,-0.001409725420517649,1,0,0,0.30478317291564233
284,1974-06-01,1,92.22000122,-0.001409725420517649,1,0,0,0.30478317291564233
285,1974-07-01,1,86.01999664,-0.01999527618209873,1,0,0,0.24263661732163938
286,1974-08-01,1,78.75,-0.002031792507936503,1,0,0,0.24263661732163938
287,1974-09-01,1,78.75,-0.002031792507936503,1,0,1,0.24263661732163938
288,1974-10-01,1,63.38999939,-0.00015772708780903422,1,0,0,0.2449114992104457
289,1974-11-01,1,73.87999725,-0.010828308740902126,1,0,0,0.2449114992104457
290,1974-12-01,1,73.87999725,-0.010828308740902126,1,0,0,0.2449114992104457
291,1975-01-01,1,73.87999725,-0.010828308740902126,1,0,0,0.2817001193686724
292,1975-02-01,1,73.87999725,-0.010828308740902126,1,0,0,0.2817001193686724
293,1975-03-01,1,73.87999725,-0.010828308740902126,1,0,0,0.2817001193686724
294,1975-04-01,0,82.63999939,-0.0025411311901027966,1,0,0,0.30653487331552864
295,1975-05-01,0,88.09999847,0.012712857769020092,1,0,0,0.30653487331552864
296,1975-06-01,0,88.09999847,0.012712857769020092,1,0,0,0.30653487331552864
297,1975-07-01,0,94.84999847,-0.007063765638456121,1,0,0,0.27453972872515015
298,1975-08-01,0,87.98999786,-0.009546497902369722,1,0,0,0.27453972872515015
299,1975-09-01,0,87.98999786,-0.009546497902369722,1,0,0,0.27453972872515015
300,1975-10-01,0,82.93000031,0.010731935085892985,1,0,0,0.28211719555870757
301,1975-11-01,0,82.93000031,0.010731935085892985,0,0,0,0.28211719555870757
302,1975-12-01,0,90.66999817,-0.014778828356074247,0,0,0,0.28211719555870757
303,1976-01-01,0,90.66999817,-0.014778828356074247,0,0,0,0.3078143437155338
304,1976-02-01,0,90.66999817,-0.014778828356074247,0,0,0,0.3078143437155338
305,1976-03-01,0,100.0199966,0.0055989324038829835,0,0,0,0.3078143437155338
306,1976-04-01,0,102.2399979,9.782961859783335e-05,0,0,0,0.3056831812292204
307,1976-05-01,0,102.2399979,9.782961859783335e-05,0,0,0,0.3056831812292204
308,1976-06-01,0,99.84999847,0.0037055857352983335,0,0,0,0.3056831812292204
309,1976-07-01,0,103.5899963,0.005019831244071682,0,0,0,0.30266791945224886
310,1976-08-01,0,103.5899963,0.005019831244071682,0,0,0,0.30266791945224886
311,1976-09-01,0,104.0599976,-0.0013453719318556878,0,0,0,0.30266791945224886
312,1976-10-01,0,104.1699982,-0.0013439512567832157,0,0,0,0.30362435228631934
313,1976-11-01,0,103.0999985,-0.011445201912393843,1,1,0,0.30362435228631934
314,1976-12-01,0,102.4899979,-0.003610061543381171,1,0,0,0.30362435228631934
315,1977-01-01,0,102.4899979,-0.003610061543381171,0,0,0,0.28294009237220474
316,1977-02-01,0,102.5400009,-0.0017554154322226845,0,0,0,0.28294009237220474
317,1977-03-01,0,100.6600037,-0.002682339460315486,0,0,0,0.28294009237220474
318,1977-04-01,0,99.20999908,-0.009877993439046051,0,0,0,0.28331386608525005
319,1977-05-01,0,99.20999908,-0.009877993439046051,0,0,0,0.28331386608525005
320,1977-06-01,0,96.93000031,-0.0019602027173458714,0,0,0,0.28331386608525005
321,1977-07-01,0,100.0999985,-9.992207941944553e-05,0,0,0,0.2682693149432443
322,1977-08-01,0,99.12000275,-0.006255071961244418,0,0,0,0.2682693149432443
323,1977-09-01,0,96.83000183,0.00640292376621554,0,0,0,0.2682693149432443
324,1977-10-01,0,96.83000183,0.00640292376621554,0,0,0,0.2562761708989013
325,1977-11-01,0,91.34999847,-0.007006014238852831,0,0,0,0.2562761708989013
326,1977-12-01,0,94.69000244,-0.00021126063453924537,0,0,0,0.2562761708989013
327,1978-01-01,0,94.69000244,-0.00021126063453924537,0,0,0,0.24129659023456027
328,1978-02-01,0,89.93000031,0.0022239179285066246,0,0,0,0.24129659023456027
329,1978-03-01,0,87.19000244,0.0014909650918917272,0,0,0,0.24129659023456027
330,1978-04-01,0,87.19000244,0.0014909650918917272,0,0,0,0.24906611751822846
331,1978-05-01,0,97.66999817,-0.004300175876618462,0,0,0,0.24906611751822846
332,1978-06-01,0,97.34999847,0.00811505837099169,0,0,0,0.24906611751822846
333,1978-07-01,0,97.34999847,0.00811505837099169,0,0,0,0.25712060095506517
334,1978-08-01,0,100.6600037,0.022451762536543463,0,0,0,0.25712060095506517
335,1978-09-01,0,103.6800003,0.00781247682924624,0,0,0,0.25712060095506517
336,1978-10-01,0,103.6800003,0.00781247682924624,0,0,0,0.2418698099531798
337,1978-11-01,0,96.84999847,-0.012803282184708609,0,0,0,0.2418698099531798
338,1978-12-01,0,96.27999878,-0.0013501999547906873,0,0,0,0.2418698099531798
339,1979-01-01,0,96.27999878,-0.0013501999547906873,0,0,0,0.24928321448422489
340,1979-02-01,0,99.95999908,-0.004601831574966853,0,0,0,0.24928321448422489
341,1979-03-01,0,96.90000153,0.0007223910102656106,0,0,0,0.24928321448422489
342,1979-04-01,0,96.90000153,0.0007223910102656106,0,0,0,0.24798863090464743
343,1979-05-01,0,101.6800003,0.0003933998808218764,0,0,0,0.24798863090464743
344,1979-06-01,0,99.16999817,0.0015125695549864648,0,0,1,0.24798863090464743
345,1979-07-01,0,99.16999817,0.0015125695549864648,0,0,0,0.25344682433325066
346,1979-08-01,0,104.1699982,-0.0006719756283916078,1,1,0,0.25344682433325066
347,1979-09-01,0,104.1699982,-0.0006719756283916078,1,0,0,0.25344682433325066
348,1979-10-01,0,108.5599976,0.009487829060158326,1,0,1,0.2525070654930794
349,1979-11-01,0,102.5699997,-0.0005849429674903428,1,0,0,0.2525070654930794
350,1979-12-01,0,102.5699997,-0.0005849429674903428,1,0,0,0.2525070654930794
351,1980-01-01,0,102.5699997,-0.0005849429674903428,1,0,0,0.23550931801587177
352,1980-02-01,1,115.1200027,-0.006514940778402201,1,0,0,0.23550931801587177
353,1980-03-01,1,115.1200027,-0.006514940778402201,1,0,0,0.23550931801587177
354,1980-04-01,1,102.1800003,0.004893325489645717,1,0,0,0.2568895207853121
355,1980-05-01,1,105.4599991,0.001137897790860043,1,0,0,0.2568895207853121
356,1980-06-01,1,105.4599991,0.001137897790860043,1,0,0,0.2568895207853121
357,1980-07-01,1,114.9300003,0.006525711285497948,1,0,0,0.2734546699099143
358,1980-08-01,0,121.2099991,-0.001897497745299459,1,0,0,0.2734546699099143
359,1980-09-01,0,121.2099991,-0.001897497745299459,1,0,0,0.2734546699099143
360,1980-10-01,0,127.1299973,0.007551317709341365,1,0,0,0.28669836548246425
361,1980-11-01,0,127.1299973,0.007551317709341365,1,0,0,0.28669836548246425
362,1980-12-01,0,137.2100067,-0.0017491836475509448,1,0,0,0.28669836548246425
363,1981-01-01,0,137.2100067,-0.0017491836475509448,1,0,0,0.2846373490591671
364,1981-02-01,0,137.2100067,-0.0017491836475509448,1,0,0,0.2846373490591671
365,1981-03-01,0,137.2100067,-0.0017491836475509448,0,0,0,0.2846373490591671
366,1981-04-01,0,136.5700073,-0.0018305629833557102,0,0,0,0.27637403320355486
367,1981-05-01,0,132.7200012,-0.015446074302778112,1,1,0,0.27637403320355486
368,1981-06-01,0,132.4100037,-0.013518680990717291,1,0,0,0.27637403320355486
369,1981-07-01,0,129.7700043,-0.008707751117798312,0,0,1,0.24294119783323123
370,1981-08-01,0,129.7700043,-0.008707751117798312,1,1,0,0.24294119783323123
371,1981-09-01,1,123.0199966,0.0038205276620857376,1,0,0,0.24294119783323123
372,1981-10-01,1,117.0800018,0.019473853475803438,1,0,0,0.25134413871588857
373,1981-11-01,1,117.0800018,0.019473853475803438,1,0,0,0.25134413871588857
374,1981-12-01,1,126.0999985,-0.01118157110842477,1,0,0,0.25134413871588857
375,1982-01-01,1,126.0999985,-0.01118157110842477,1,0,0,0.2277947591387209
376,1982-02-01,1,117.7799988,0.0019528213817572304,1,0,0,0.2277947591387209
377,1982-03-01,1,113.3099976,-0.0055599445180819496,1,0,0,0.2277947591387209
378,1982-04-01,1,113.7900009,0.01168821328307068,1,0,0,0.21996754680324973
379,1982-05-01,1,113.7900009,0.01168821328307068,1,0,0,0.21996754680324973
380,1982-06-01,1,111.6800003,0.0032235010658394625,1,0,0,0.21996754680324973
381,1982-07-01,1,108.7099991,-0.00975069090953573,1,0,0,0.23141570917708795
382,1982-08-01,1,108.7099991,-0.00975069090953573,1,0,0,0.23141570917708795
383,1982-09-01,1,118.25,0.01725159323467218,1,0,0,0.23141570917708795
384,1982-10-01,1,121.9700012,-0.0037714117854743545,1,0,0,0.2560166802238501
385,1982-11-01,1,135.4700012,0.014911082026328293,1,0,0,0.2560166802238501
386,1982-12-01,0,138.7200012,0.0007209205531637508,1,0,0,0.2560166802238501
387,1983-01-01,0,138.7200012,0.0007209205531637508,1,0,0,0.2718182319847166
388,1983-02-01,0,142.9600067,0.0018885631459610863,1,0,0,0.2718182319847166
389,1983-03-01,0,150.8800049,0.009411440574522478,1,0,0,0.2718182319847166
390,1983-04-01,0,150.8800049,0.009411440574522478,1,0,0,0.2893092250709406
391,1983-05-01,0,150.8800049,0.009411440574522478,0,0,0,0.2893092250709406
392,1983-06-01,0,162.5500031,0.008797247448345313,0,0,0,0.2893092250709406
393,1983-07-01,0,168.6399994,-0.012096734506985451,0,0,0,0.27880241803267203
394,1983-08-01,0,162.0399933,-0.00018513207381121166,0,0,0,0.27880241803267203
395,1983-09-01,0,164.2299957,0.0046885728561216755,0,0,0,0.27880241803267203
396,1983-10-01,0,164.2299957,0.0046885728561216755,0,0,0,0.26737729116930115
397,1983-11-01,0,163.6600037,0.007210024277910954,0,0,0,0.26737729116930115
398,1983-12-01,0,166.4900055,-0.006306703497586219,0,0,0,0.26737729116930115
399,1984-01-01,0,166.4900055,-0.006306703497586219,0,0,0,0.25012259393501307
400,1984-02-01,0,162.7400055,0.00380972765789922,0,0,0,0.25012259393501307
401,1984-03-01,0,158.1900024,0.006637607206964713,0,0,0,0.25012259393501307
402,1984-04-01,0,158.1900024,0.006637607206964713,0,0,0,0.23348011560877527
403,1984-05-01,0,161.6799927,0.001360720002061111,0,0,0,0.23348011560877527
404,1984-06-01,0,153.2400055,0.007178222138604751,0,0,0,0.23348011560877527
405,1984-07-01,0,153.2400055,0.007178222138604751,0,0,0,0.23986708111768618
406,1984-08-01,0,154.0800018,0.025376451546744505,0,0,0,0.23986708111768618
407,1984-09-01,0,154.0800018,0.025376451546744505,0,0,0,0.23986708111768618
408,1984-10-01,0,164.6199951,-0.006256826817266803,0,0,0,0.23520951760445197
409,1984-11-01,0,167.4900055,-0.0004179789700943237,0,0,0,0.23520951760445197
410,1984-12-01,0,167.4900055,-0.0004179789700943237,0,0,0,0.23520951760445197
411,1985-01-01,0,167.4900055,-0.0004179789700943237,0,0,0,0.24385642437763233
412,1985-02-01,0,178.6300049,0.0096288481935769,0,0,0,0.24385642437763233
413,1985-03-01,0,183.2299957,-0.006385407015539135,0,0,0,0.24385642437763233
414,1985-04-01,0,181.2700043,-0.00408233840374006,0,0,0,0.24798350223340498
415,1985-05-01,0,178.3699951,0.003588044052146744,0,0,0,0.24798350223340498
416,1985-06-01,0,178.3699951,0.003588044052146744,1,1,0,0.24798350223340498
417,1985-07-01,0,192.4299927,-0.002182602587605942,1,0,0,0.2301171073061659
418,1985-08-01,0,192.1100006,-0.0032793966895652282,0,0,0,0.2301171073061659
419,1985-09-01,0,192.1100006,-0.0032793966895652282,0,0,0,0.2301171073061659
420,1985-10-01,0,185.0700073,-0.0054574466967126645,0,0,0,0.24942099270366772
421,1985-11-01,0,191.5299988,-0.0014619057158370419,0,0,0,0.24942099270366772
422,1985-12-01,0,191.5299988,-0.0014619057158370419,0,0,0,0.24942099270366772
423,1986-01-01,0,191.5299988,-0.0014619057158370419,0,0,0,0.2695755887648476
424,1986-02-01,0,191.5299988,-0.0014619057158370419,1,1,0,0.2695755887648476
425,1986-03-01,0,191.5299988,-0.0014619057158370419,1,0,0,0.2695755887648476
426,1986-04-01,0,235.1399994,0.00242411882901461,0,0,0,0.27181000238363795
427,1986-05-01,0,235.1600037,-0.0015734410366485818,1,1,0,0.27181000238363795
428,1986-06-01,0,235.1600037,-0.0015734410366485818,1,0,0,0.27181000238363795
429,1986-07-01,0,252.0399933,0.0026186463162392037,0,0,0,0.24740649684652324
430,1986-08-01,0,234.9100037,0.00459751301770539,0,0,0,0.24740649684652324
431,1986-09-01,0,234.9100037,0.00459751301770539,0,0,0,0.24740649684652324
432,1986-10-01,0,233.6000061,0.0013698291594350653,0,0,0,0.2577215236874106
433,1986-11-01,0,233.6000061,0.0013698291594350653,0,0,0,0.2577215236874106
434,1986-12-01,0,249.0500031,0.019875514307913678,0,0,0,0.2577215236874106
435,1987-01-01,0,249.0500031,0.019875514307913678,0,0,1,0.2915776599854131
436,1987-02-01,0,249.0500031,0.019875514307913678,0,0,0,0.2915776599854131
437,1987-03-01,0,249.0500031,0.019875514307913678,0,0,0,0.2915776599854131
438,1987-04-01,0,292.3800049,0.004275258153947803,0,0,0,0.2906276125690772
439,1987-05-01,0,288.0299988,0.004617528054511988,0,0,0,0.2906276125690772
440,1987-06-01,0,289.8299866,-0.004726892189698573,0,0,0,0.2906276125690772
441,1987-07-01,0,302.9400024,0.00887965431665938,0,0,0,0.29637352050586213
442,1987-08-01,0,302.9400024,0.00887965431665938,0,0,0,0.29637352050586213
443,1987-09-01,0,323.3999939,-0.005318494843669863,0,0,1,0.29637352050586213
444,1987-10-01,0,327.3299866,0.0022607788173845123,0,0,0,0.24175157687078108
445,1987-11-01,0,327.3299866,0.0022607788173845123,0,0,0,0.24175157687078108
446,1987-12-01,0,232.0,0.006249986637931082,0,0,1,0.24175157687078108
447,1988-01-01,0,232.0,0.006249986637931082,0,0,0,0.24928611731171701
448,1988-02-01,0,255.0399933,0.0020781603431763163,0,0,0,0.24928611731171701
449,1988-03-01,0,267.2200012,0.002844135156750971,0,0,0,0.24928611731171701
450,1988-04-01,0,267.2200012,0.002844135156750971,0,0,0,0.2536832738392129
451,1988-05-01,0,267.2200012,0.002844135156750971,0,0,0,0.2536832738392129
452,1988-06-01,0,266.6900024,-0.005099612987967239,0,0,0,0.2536832738392129
453,1988-07-01,0,271.7799988,0.014828165493390832,0,0,0,0.24747503292646245
454,1988-08-01,0,272.2099915,-0.0005510227570028059,0,0,0,0.24747503292646245
455,1988-09-01,0,258.3500061,0.023727519857798196,0,0,0,0.24747503292646245
456,1988-10-01,0,258.3500061,0.023727519857798196,0,0,0,0.24707867336183906
457,1988-11-01,0,279.0599976,0.0,0,0,0,0.24707867336183906
458,1988-12-01,0,272.4899902,-0.0024954773549697995,0,0,0,0.24707867336183906
459,1989-01-01,0,272.4899902,-0.0024954773549697995,0,0,0,0.25316733418839643
460,1989-02-01,0,297.0899963,-0.0008414958534906924,0,0,0,0.25316733418839643
461,1989-03-01,0,287.1099854,0.009891772994391923,0,0,0,0.25316733418839643
462,1989-04-01,0,287.1099854,0.009891772994391923,0,0,0,0.2623874959596625
463,1989-05-01,0,309.1199951,-0.0032349896993123517,0,0,0,0.2623874959596625
464,1989-06-01,0,321.9700012,0.011025834042826865,0,0,0,0.2623874959596625
465,1989-07-01,0,321.9700012,0.011025834042826865,0,0,0,0.27371406887712596
466,1989-08-01,0,343.75,0.0017163528727273114,0,0,0,0.27371406887712596
467,1989-09-01,0,353.730011,-0.003307645276385718,1,1,0,0.27371406887712596
468,1989-10-01,0,353.730011,-0.003307645276385718,1,0,0,0.2718404425221755
469,1989-11-01,0,341.2000122,-0.007971867241334252,1,0,0,0.2718404425221755
470,1989-12-01,0,350.6300049,0.0022245637540987406,1,0,1,0.2718404425221755
471,1990-01-01,0,350.6300049,0.0022245637540987406,1,0,0,0.25887505162869057
472,1990-02-01,0,328.7900085,0.006478313953996118,1,0,0,0.25887505162869057
473,1990-03-01,0,332.7399902,0.008415033907757774,0,0,0,0.25887505162869057
474,1990-04-01,0,332.7399902,0.008415033907757774,1,1,0,0.26306427675329397
475,1990-05-01,0,332.25,0.00671184650112866,1,0,1,0.26306427675329397
476,1990-06-01,0,363.1600037,0.011675267531670697,0,0,0,0.26306427675329397
477,1990-07-01,0,363.1600037,0.011675267531670697,1,1,1,0.2274768046187214
478,1990-08-01,1,355.519989,-0.011363574834044043,1,0,0,0.2274768046187214
479,1990-09-01,1,355.519989,-0.011363574834044043,1,0,0,0.2274768046187214
480,1990-10-01,1,314.9400024,0.0008572715372532347,1,0,0,0.24244419553087174
481,1990-11-01,1,307.019989,0.015731930405352035,1,0,0,0.24244419553087174
482,1990-12-01,1,307.019989,0.015731930405352035,1,0,0,0.24244419553087174
483,1991-01-01,1,307.019989,0.015731930405352035,1,0,0,0.26836408634327563
484,1991-02-01,1,343.0499878,0.015420517965690994,1,0,0,0.26836408634327563
485,1991-03-01,1,370.4700012,-0.003077211640098776,1,0,0,0.26836408634327563
486,1991-04-01,0,371.2999878,0.022084601318158148,1,0,0,0.26467999331697273
487,1991-05-01,0,380.2900085,0.0006047503086055173,1,0,0,0.26467999331697273
488,1991-06-01,0,380.2900085,0.0006047503086055173,1,0,0,0.26467999331697273
489,1991-07-01,0,377.9200134,-0.0011907604361870439,1,0,0,0.27288026304480084
490,1991-08-01,0,387.1199951,0.0001549845028916419,1,0,0,0.27288026304480084
491,1991-09-01,0,387.1199951,0.0001549845028916419,1,0,0,0.27288026304480084
492,1991-10-01,0,389.2000122,-0.00241521677937917,1,0,0,0.2938120081653657
493,1991-11-01,0,391.3200073,-0.0026576931426935957,1,0,0,0.2938120081653657
494,1991-12-01,0,391.3200073,-0.0026576931426935957,1,0,0,0.2938120081653657
495,1992-01-01,0,391.3200073,-0.0026576931426935957,1,0,0,0.2885466498608378
496,1992-02-01,0,391.3200073,-0.0026576931426935957,1,0,0,0.2885466498608378
497,1992-03-01,0,391.3200073,-0.0026576931426935957,1,0,0,0.2885466498608378
498,1992-04-01,0,404.230011,-0.009227446994280686,1,0,1,0.28516073835590366
499,1992-05-01,0,412.5299988,0.010617421551743833,1,0,0,0.28516073835590366
500,1992-06-01,0,417.2999878,-0.009106129669529839,1,0,0,0.28516073835590366
501,1992-07-01,0,412.8800049,-0.0026884709523989914,1,0,1,0.287451785663001
502,1992-08-01,0,412.8800049,-0.0026884709523989914,1,0,0,0.287451785663001
503,1992-09-01,0,416.0700073,0.004590582513732677,1,0,0,0.287451785663001
504,1992-10-01,0,416.2900085,-0.013980655747590442,0,0,0,0.3060641374679402
505,1992-11-01,0,416.2900085,-0.013980655747590442,0,0,0,0.3060641374679402
506,1992-12-01,0,430.7799988,-0.0020659831061776712,0,0,0,0.3060641374679402
507,1993-01-01,0,430.7799988,-0.0020659831061776712,0,0,0,0.311810369392321
508,1993-02-01,0,442.519989,6.779083599761648e-05,0,0,0,0.311810369392321
509,1993-03-01,0,442.0100098,0.013325454106039691,0,0,0,0.311810369392321
510,1993-04-01,0,450.2999878,-0.019786749814342364,0,0,0,0.30893509172625533
511,1993-05-01,0,450.2999878,-0.019786749814342364,0,0,0,0.30893509172625533
512,1993-06-01,0,453.8299866,4.411233411438786e-05,0,0,0,0.30893509172625533
513,1993-07-01,0,449.019989,-0.007082073800505184,0,0,0,0.3130459783901069
514,1993-08-01,0,449.019989,-0.007082073800505184,0,0,0,0.3130459783901069
515,1993-09-01,0,463.1499939,-0.003994399491235812,0,0,0,0.3130459783901069
516,1993-10-01,0,461.2799988,0.00013006742142751548,0,0,0,0.3166359057272147
517,1993-11-01,0,469.1000061,-0.0014069573468716845,0,0,0,0.3166359057272147
518,1993-12-01,0,461.8900146,0.002641258224767018,0,0,0,0.3166359057272147
519,1994-01-01,0,461.8900146,0.002641258224767018,0,0,0,0.3052947453636988
520,1994-02-01,0,479.6199951,0.004962272057702277,0,0,0,0.3052947453636988
521,1994-03-01,0,464.4400024,0.0007966480020842326,0,0,0,0.3052947453636988
522,1994-04-01,0,464.4400024,0.0007966480020842326,0,0,0,0.3002105221057602
523,1994-05-01,0,464.4400024,0.0007966480020842326,0,0,0,0.3002105221057602
524,1994-06-01,0,457.6300049,4.367939118066211e-05,0,0,0,0.3002105221057602
525,1994-07-01,0,446.2000122,0.0003809567354378096,0,0,0,0.30701175752749027
526,1994-08-01,0,461.0100098,-0.0009761440975982749,0,0,0,0.30701175752749027
527,1994-09-01,0,473.1700134,-0.004607272519945305,0,0,0,0.30701175752749027
528,1994-10-01,0,473.1700134,-0.004607272519945305,0,0,0,0.3032666468671597
529,1994-11-01,0,468.4200134,-0.004077544821657786,0,0,0,0.3032666468671597
530,1994-12-01,0,448.9200134,0.009756692215228346,0,0,0,0.3032666468671597
531,1995-01-01,0,448.9200134,0.009756692215228346,0,0,0,0.3175523293282305
532,1995-02-01,0,470.3999939,0.005080813416226571,0,0,0,0.3175523293282305
533,1995-03-01,0,485.6499939,-0.0010707073129441191,0,0,0,0.3175523293282305
534,1995-04-01,0,485.6499939,-0.0010707073129441191,1,1,0,0.3321322477309926
535,1995-05-01,0,514.2600098,0.001166677533867233,0,0,0,0.3321322477309926
536,1995-06-01,0,533.4899902,-0.0018369236874201667,0,0,0,0.3321322477309926
537,1995-07-01,0,533.4899902,-0.0018369236874201667,1,1,0,0.347155471182786
538,1995-08-01,0,559.6400146,-0.0015010127547800955,1,0,0,0.347155471182786
539,1995-09-01,0,563.8400269,0.009452957835051512,0,0,0,0.347155471182786
540,1995-10-01,0,563.8400269,0.009452957835051512,0,0,0,0.3571036344310059
541,1995-11-01,0,584.2199707,0.009414262222857683,1,1,0,0.3571036344310059
542,1995-12-01,0,606.9799805,0.01103827542134228,1,0,0,0.3571036344310059
543,1996-01-01,0,606.9799805,0.01103827542134228,1,0,0,0.36464511817632045
544,1996-02-01,0,638.460022,-0.004103616529963383,0,0,0,0.36464511817632045
545,1996-03-01,0,644.3699951,0.009994261913142788,0,0,0,0.36464511817632045
546,1996-04-01,0,653.7299805,0.0023404606575176956,1,1,0,0.37097565217129386
547,1996-05-01,0,654.5800171,-0.01711022626327585,1,0,0,0.37097565217129386
548,1996-06-01,0,654.5800171,-0.01711022626327585,0,0,0,0.37097565217129386
549,1996-07-01,0,675.8800049,-0.0033586131910143813,0,0,0,0.3722856858359865
550,1996-08-01,0,650.0200195,0.019183979455881905,0,0,0,0.3722856858359865
551,1996-09-01,0,650.0200195,0.019183979455881905,0,0,0,0.3722856858359865
552,1996-10-01,0,689.0800171,0.007154456053954261,0,0,0,0.3828738742862084
553,1996-11-01,0,703.7700195,0.004205864015211835,0,0,0,0.3828738742862084
554,1996-12-01,0,703.7700195,0.004205864015211835,0,0,0,0.3828738742862084
555,1997-01-01,0,703.7700195,0.004205864015211835,0,0,0,0.3823286522790628
556,1997-02-01,0,703.7700195,0.004205864015211835,0,0,0,0.3823286522790628
557,1997-03-01,0,703.7700195,0.004205864015211835,0,0,0,0.3823286522790628
558,1997-04-01,0,759.6400146,-0.012545454447944193,0,0,0,0.41482805339985923
559,1997-05-01,0,798.5300293,0.018083153882964442,0,0,0,0.41482805339985923
560,1997-06-01,0,798.5300293,0.018083153882964442,0,0,0,0.41482805339985923
561,1997-07-01,0,891.0300293,0.014589856202952944,0,0,0,0.4317216054929213
562,1997-08-01,0,947.1400146,0.0033363316418792976,0,0,0,0.4317216054929213
563,1997-09-01,0,947.1400146,0.0033363316418792976,0,0,0,0.4317216054929213
564,1997-10-01,0,955.4099731,0.0052857401975972,0,0,0,0.4328375336550317
565,1997-11-01,0,955.4099731,0.0052857401975972,0,0,0,0.4328375336550317
566,1997-12-01,0,974.7700195,-0.003170005989294844,0,0,0,0.4328375336550317
567,1998-01-01,0,974.7700195,-0.003170005989294844,0,0,0,0.4608372377178574
568,1998-02-01,0,974.7700195,-0.003170005989294844,0,0,0,0.4608372377178574
569,1998-03-01,0,974.7700195,-0.003170005989294844,0,0,0,0.4608372377178574
570,1998-04-01,0,1108.150024,0.01070250935626027,0,0,0,0.4620700026662829
571,1998-05-01,0,1121.0,0.0009544567350581179,0,0,0,0.4620700026662829
572,1998-06-01,0,1090.97998,0.002053191663516918,0,0,0,0.4620700026662829
573,1998-07-01,0,1148.560059,-0.0018632155830520247,0,0,0,0.4294444467728222
574,1998-08-01,0,1148.560059,-0.0018632155830520247,0,0,0,0.4294444467728222
575,1998-09-01,0,994.2600098,-0.0038018518926054012,1,1,0,0.4294444467728222
576,1998-10-01,0,986.3900146,0.016433622765913203,0,0,0,0.46789631368840906
577,1998-11-01,0,986.3900146,0.016433622765913203,0,0,0,0.46789631368840906
578,1998-12-01,0,1175.280029,-0.003428994708119859,0,0,0,0.46789631368840906
579,1999-01-01,0,1175.280029,-0.003428994708119859,0,0,0,0.4702243424068893
580,1999-02-01,0,1273.0,-0.008648868813825539,0,0,0,0.4702243424068893
581,1999-03-01,0,1236.160034,-0.00862350642861831,0,0,0,0.4702243424068893
582,1999-04-01,0,1293.719971,0.021179254099958467,0,0,0,0.4884614985353915
583,1999-05-01,0,1293.719971,0.021179254099958467,0,0,0,0.4884614985353915
584,1999-06-01,0,1294.26001,0.0004249911113300975,0,0,0,0.4884614985353915
585,1999-07-01,0,1380.959961,0.00742962163259997,0,0,0,0.46931113935810687
586,1999-08-01,0,1380.959961,0.00742962163259997,0,0,0,0.46931113935810687
587,1999-09-01,0,1331.069946,-0.008985223530845188,0,0,0,0.46931113935810687
588,1999-10-01,0,1282.810059,0.016986082114905043,0,0,0,0.5087993240866906
589,1999-11-01,0,1354.119995,-0.004711550692374167,0,0,0,0.5087993240866906
590,1999-12-01,0,1397.719971,0.00809895274795358,0,0,0,0.5087993240866906
591,2000-01-01,0,1397.719971,0.00809895274795358,0,0,0,0.5181722497959149
592,2000-02-01,0,1409.280029,-0.0001135572751382874,0,0,0,0.5181722497959149
593,2000-03-01,0,1379.189941,0.001863462691829465,0,0,0,0.5181722497959149
594,2000-04-01,0,1379.189941,0.001863462691829465,0,0,0,0.5064025035603703
595,2000-05-01,0,1468.25,-0.014956554401498345,0,0,0,0.5064025035603703
596,2000-06-01,0,1448.810059,0.019636770757677446,0,0,0,0.5064025035603703
597,2000-07-01,0,1448.810059,0.019636770757677446,0,0,0,0.505151735308665
598,2000-08-01,0,1438.099976,0.0004171997844466535,1,1,0,0.505151735308665
599,2000-09-01,0,1520.77002,-0.00900206067976006,0,0,0,0.505151735308665
600,2000-10-01,0,1520.77002,-0.00900206067976006,0,0,0,0.4755071383598928
601,2000-11-01,0,1421.219971,0.00499569042433623,0,0,0,0.4755071383598928
602,2000-12-01,0,1315.22998,0.007405542109068852,0,0,1,0.4755071383598928
603,2001-01-01,0,1315.22998,0.007405542109068852,1,1,0,0.4437616005835359
604,2001-02-01,0,1373.469971,-0.01747398960788782,1,0,1,0.4437616005835359
605,2001-03-01,0,1241.22998,-0.005679790299618848,1,0,0,0.4437616005835359
606,2001-04-01,0,1241.22998,-0.005679790299618848,1,0,0,0.45971771634485614
607,2001-05-01,1,1266.439941,0.0007818080968118313,1,0,0,0.45971771634485614
608,2001-06-01,1,1260.670044,0.005108347763675525,1,0,1,0.45971771634485614
609,2001-07-01,1,1260.670044,0.005108347763675525,1,0,0,0.41500162515827616
610,2001-08-01,1,1215.930054,0.003963999396300766,1,0,0,0.41500162515827616
611,2001-09-01,1,1215.930054,0.003963999396300766,1,0,1,0.41500162515827616
612,2001-10-01,1,1038.550049,0.012305528281767009,1,0,0,0.438785010502733
613,2001-11-01,1,1084.099976,0.002859491807608139,1,0,0,0.438785010502733
614,2001-12-01,1,1084.099976,0.002859491807608139,1,0,0,0.438785010502733
615,2002-01-01,1,1084.099976,0.002859491807608139,1,0,0,0.4388737421468071
616,2002-02-01,0,1122.199951,-0.024737133498591635,1,0,0,0.4388737421468071
617,2002-03-01,0,1131.780029,0.019491364430145763,1,0,0,0.4388737421468071
618,2002-04-01,0,1146.540039,-0.008530037039552574,1,0,0,0.40505906753807525
619,2002-05-01,0,1086.459961,-0.0017487087128837953,1,0,1,0.40505906753807525
620,2002-06-01,0,1086.459961,-0.0017487087128837953,1,0,0,0.40505906753807525
621,2002-07-01,0,968.6500244,-0.021225413701646545,1,0,0,0.3594183428847387
622,2002-08-01,0,884.6599731,-0.023082295481782533,1,0,0,0.3594183428847387
623,2002-09-01,0,884.6599731,-0.023082295481782533,1,0,0,0.3594183428847387
624,2002-10-01,0,847.9099731,-0.02358740978936602,0,0,1,0.3686568566743317
625,2002-11-01,0,900.960022,0.008202310224148857,1,1,0,0.3686568566743317
626,2002-12-01,0,900.960022,0.008202310224148857,1,0,0,0.3686568566743317
627,2003-01-01,0,900.960022,0.008202310224148857,1,0,0,0.35764039847559687
628,2003-02-01,0,900.960022,0.008202310224148857,1,0,1,0.35764039847559687
629,2003-03-01,0,900.960022,0.008202310224148857,1,0,0,0.35764039847559687
630,2003-04-01,0,858.4799805,0.026115977552489955,1,0,0,0.38501527049638234
631,2003-05-01,0,916.2999878,0.015038774946494637,1,0,0,0.38501527049638234
632,2003-06-01,0,916.2999878,0.015038774946494637,1,0,0,0.38501527049638234
633,2003-07-01,0,982.3200073,0.011635712003277288,1,0,0,0.3898884440988547
634,2003-08-01,0,980.1500244,0.0027240553318708116,1,0,0,0.3898884440988547
635,2003-09-01,0,980.1500244,0.0027240553318708116,1,0,0,0.3898884440988547
636,2003-10-01,0,1018.219971,0.0019838728934142846,0,0,0,0.4078721223416899
637,2003-11-01,0,1018.219971,0.0019838728934142846,0,0,0,0.4078721223416899
638,2003-12-01,0,1070.119995,-0.0032706612495359,0,0,0,0.4078721223416899
639,2004-01-01,0,1070.119995,-0.0032706612495359,0,0,0,0.40463144750861174
640,2004-02-01,0,1070.119995,-0.0032706612495359,0,0,0,0.40463144750861174
641,2004-03-01,0,1155.969971,-0.005943056629798882,0,0,0,0.40463144750861174
642,2004-04-01,0,1132.170044,0.00851463528035179,0,0,0,0.4024430561355739
643,2004-05-01,0,1132.170044,0.00851463528035179,0,0,0,0.4024430561355739
644,2004-06-01,0,1121.199951,0.0033803417460192,0,0,0,0.4024430561355739
645,2004-07-01,0,1128.939941,-0.003153344009466763,0,0,0,0.39396800147944144
646,2004-08-01,0,1128.939941,-0.003153344009466763,0,0,0,0.39396800147944144
647,2004-09-01,0,1105.910034,0.011212507906407154,0,0,0,0.39396800147944144
648,2004-10-01,0,1131.5,0.0032435209898364903,0,0,0,0.40916594010939855
649,2004-11-01,0,1130.51001,4.4271169257426024e-05,0,0,0,0.40916594010939855
650,2004-12-01,0,1191.369995,-0.0008729773322854184,0,0,0,0.40916594010939855
651,2005-01-01,0,1191.369995,-0.0008729773322854184,0,0,0,0.40144524254229347
652,2005-02-01,0,1189.410034,0.0031779679773578096,0,0,0,0.40144524254229347
653,2005-03-01,0,1210.410034,-0.00027269932562368204,0,0,0,0.40144524254229347
654,2005-04-01,0,1172.920044,0.0027281919312140968,0,0,0,0.40319348107753705
655,2005-05-01,0,1172.920044,0.0027281919312140968,0,0,0,0.40319348107753705
656,2005-06-01,0,1202.219971,0.001721871246472606,0,0,0,0.40319348107753705
657,2005-07-01,0,1194.439941,0.008832632464690793,0,0,0,0.40549994671162903
658,2005-08-01,0,1235.349976,0.007099218173296062,0,0,0,0.40549994671162903
659,2005-09-01,0,1221.589966,-0.0029223766561291553,0,0,0,0.40549994671162903
660,2005-10-01,0,1221.589966,-0.0029223766561291553,0,0,0,0.40357739492823735
661,2005-11-01,0,1202.76001,0.009977052695657962,0,0,0,0.40357739492823735
662,2005-12-01,0,1264.670044,0.00032412564996286974,0,0,0,0.40357739492823735
663,2006-01-01,0,1264.670044,0.00032412564996286974,0,0,0,0.4117078379853903
664,2006-02-01,0,1282.459961,-0.009060707821973102,0,0,0,0.4117078379853903
665,2006-03-01,0,1291.23999,-0.0016263243210118405,0,0,0,0.4117078379853903
666,2006-04-01,0,1291.23999,-0.0016263243210118405,0,0,0,0.3998613092507684
667,2006-05-01,0,1305.189941,0.006144714840397247,0,0,0,0.3998613092507684
668,2006-06-01,0,1285.709961,0.0019522365666730934,0,0,1,0.3998613092507684
669,2006-07-01,0,1285.709961,0.0019522365666730934,0,0,0,0.4029487578705255
670,2006-08-01,0,1270.920044,0.005106528951714262,0,0,0,0.4029487578705255
671,2006-09-01,0,1311.01001,0.0017085987009359815,0,0,0,0.4029487578705255
672,2006-10-01,0,1311.01001,0.0017085987009359815,0,0,0,0.4121118538984706
673,2006-11-01,0,1367.810059,-0.0003436829528389307,0,0,0,0.4121118538984706
674,2006-12-01,0,1396.709961,0.008885190445061975,0,0,0,0.4121118538984706
675,2007-01-01,0,1396.709961,0.008885190445061975,0,0,1,0.41441306949738826
676,2007-02-01,0,1445.939941,0.0016944507379093032,0,0,0,0.41441306949738826
677,2007-03-01,0,1403.170044,-0.01140275198178331,0,0,0,0.41441306949738826
678,2007-04-01,0,1403.170044,-0.01140275198178331,0,0,1,0.41949477170519806
679,2007-05-01,0,1486.300049,0.0064724447842630095,0,0,0,0.41949477170519806
680,2007-06-01,0,1536.339966,0.0018486064691751736,1,1,0,0.41949477170519806
681,2007-07-01,0,1536.339966,0.0018486064691751736,1,0,0,0.41499179797044194
682,2007-08-01,0,1465.810059,0.004359290592097276,1,0,0,0.41499179797044194
683,2007-09-01,0,1465.810059,0.004359290592097276,1,0,0,0.41499179797044194
684,2007-10-01,0,1547.040039,-0.0002650442067840819,1,0,0,0.3987126781863884
685,2007-11-01,0,1508.439941,0.0008022082730041458,1,0,0,0.3987126781863884
686,2007-12-01,0,1508.439941,0.0008022082730041458,1,0,1,0.3987126781863884
687,2008-01-01,0,1508.439941,0.0008022082730041458,1,0,0,0.37423149521192123
688,2008-02-01,1,1395.420044,-0.010462869630386229,1,0,0,0.37423149521192123
689,2008-03-01,1,1395.420044,-0.010462869630386229,1,0,0,0.37423149521192123
690,2008-04-01,1,1370.180054,-0.001934070629815099,1,0,0,0.3669000722992037
691,2008-05-01,1,1409.339966,0.0032355983013399037,1,0,0,0.3669000722992037
692,2008-06-01,1,1409.339966,0.0032355983013399037,1,0,0,0.3669000722992037
693,2008-07-01,1,1284.910034,-0.01820362000535214,1,0,0,0.3427439782031954
694,2008-08-01,1,1260.310059,-0.008966086495386771,1,0,0,0.3427439782031954
695,2008-09-01,1,1260.310059,-0.008966086495386771,1,0,0,0.3427439782031954
696,2008-10-01,1,1161.060059,-0.04029079257130819,1,0,0,0.29239440233619646
697,2008-11-01,1,1161.060059,-0.04029079257130819,1,0,0,0.29239440233619646
698,2008-12-01,1,816.210022,0.039940670564321934,1,0,0,0.29239440233619646
699,2009-01-01,1,816.210022,0.039940670564321934,1,0,0,0.26605499387231407
700,2009-02-01,1,816.210022,0.039940670564321934,1,0,0,0.26605499387231407
701,2009-03-01,1,816.210022,0.039940670564321934,1,0,0,0.26605499387231407
702,2009-04-01,1,811.0800171,0.02872711361242586,1,0,0,0.29182527962092686
703,2009-05-01,1,877.5200195,0.033868139802592845,1,0,0,0.29182527962092686
704,2009-06-01,1,942.8699951,0.0019833011016556767,1,0,0,0.29182527962092686
705,2009-07-01,0,923.3300171,-0.029144546047055964,1,0,0,0.32036571505074746
706,2009-08-01,0,923.3300171,-0.029144546047055964,1,0,0,0.32036571505074746
707,2009-09-01,0,998.039978,-0.0032964390931442544,1,0,0,0.32036571505074746
708,2009-10-01,0,1029.849976,-0.004505525181465853,1,0,0,0.32754443050577847
709,2009-11-01,0,1029.849976,-0.004505525181465853,1,0,0,0.32754443050577847
710,2009-12-01,0,1108.859985,0.00034269881242043887,1,0,0,0.32754443050577847
711,2010-01-01,0,1108.859985,0.00034269881242043887,1,0,0,0.33674221154720213
712,2010-02-01,0,1089.189941,0.012972948489615277,1,0,0,0.33674221154720213
713,2010-03-01,0,1115.709961,0.002330442579959957,1,0,0,0.33674221154720213
714,2010-04-01,0,1178.099976,0.007927990145379704,1,0,0,0.3117621786566664
715,2010-05-01,0,1178.099976,0.007927990145379704,0,0,0,0.3117621786566664
716,2010-06-01,0,1070.709961,0.025842707182958558,0,0,0,0.3117621786566664
717,2010-07-01,0,1027.369995,-0.004662368984213905,0,0,0,0.32921450962857407
718,2010-08-01,0,1027.369995,-0.004662368984213905,0,0,0,0.32921450962857407
719,2010-09-01,0,1080.290039,0.009080836299370842,0,0,0,0.32921450962857407
720,2010-10-01,0,1146.23999,-0.008034932544972562,0,0,0,0.34833598944549615
721,2010-11-01,0,1184.380005,0.007759284149684742,1,1,0,0.34833598944549615
722,2010-12-01,0,1206.069946,0.012818562514781418,0,0,0,0.34833598944549615
723,2011-01-01,0,1206.069946,0.012818562514781418,0,0,0,0.3603893290598948
724,2011-02-01,0,1307.589966,-0.00272251783247468,0,0,0,0.3603893290598948
725,2011-03-01,0,1306.329956,0.0016152006545580022,0,0,0,0.3603893290598948
726,2011-04-01,0,1332.410034,0.00034520979898289283,0,0,0,0.3568836257276398
727,2011-05-01,0,1332.410034,0.00034520979898289283,0,0,0,0.3568836257276398
728,2011-06-01,0,1314.550049,-0.0012248358297386464,0,0,0,0.3568836257276398
729,2011-07-01,0,1339.670044,-0.001336179015136607,0,0,0,0.31804881873151475
730,2011-08-01,0,1286.939941,-0.025556664263946538,0,0,0,0.31804881873151475
731,2011-09-01,0,1204.420044,-0.02528193810099022,0,0,0,0.31804881873151475
732,2011-10-01,0,1204.420044,-0.02528193810099022,0,0,0,0.3349308735074004
733,2011-11-01,0,1218.280029,0.01610466767324814,0,0,0,0.3349308735074004
734,2011-12-01,0,1244.579956,-0.0002409865260597499,0,0,0,0.3349308735074004
735,2012-01-01,0,1244.579956,-0.0002409865260597499,0,0,0,0.3596444995678033
736,2012-02-01,0,1324.089966,0.0010951468836974954,0,0,0,0.3596444995678033
737,2012-03-01,0,1374.089966,-0.0032457561807128776,0,0,0,0.3596444995678033
738,2012-04-01,0,1374.089966,-0.0032457561807128776,0,0,0,0.3501912487231051
739,2012-05-01,0,1405.819946,-0.0024966831705488524,0,0,0,0.3501912487231051
740,2012-06-01,0,1278.040039,0.00010955447069527224,0,0,0,0.3501912487231051
741,2012-07-01,0,1278.040039,0.00010955447069527224,0,0,0,0.358699016212224
742,2012-08-01,0,1375.319946,-0.007503669258934753,0,0,0,0.358699016212224
743,2012-09-01,0,1375.319946,-0.007503669258934753,0,0,0,0.358699016212224
744,2012-10-01,0,1444.48999,0.0008722871108299834,0,0,0,0.35464574659218134
745,2012-11-01,0,1427.589966,-0.009379454408409593,0,0,0,0.35464574659218134
746,2012-12-01,0,1427.589966,-0.009379454408409593,0,0,0,0.35464574659218134
747,2013-01-01,0,1427.589966,-0.009379454408409593,0,0,0,0.3783856039500142
748,2013-02-01,0,1513.170044,-0.011538744815384416,0,0,0,0.3783856039500142
749,2013-03-01,0,1518.199951,0.004610723373682957,0,0,0,0.3783856039500142
750,2013-04-01,0,1562.170044,0.005172264076521937,0,0,0,0.38359293843875386
