,date,open,high,low,close,adjclose,volume,ticker
0,2020-05-21,50.029998779296875,50.130001068115234,49.86000061035156,49.935001373291016,37.98570251464844,6200,JEPI
1,2020-05-22,49.93000030517578,50.099998474121094,49.88999938964844,50.09400177001953,38.10664749145508,9500,JEPI
2,2020-05-26,50.5,50.599998474121094,50.237998962402344,50.237998962402344,38.216190338134766,5600,JEPI
3,2020-05-27,50.720001220703125,50.720001220703125,50.400001525878906,50.62699890136719,38.51210021972656,352100,JEPI
4,2020-05-28,51.060001373291016,56.27000045776367,50.91999816894531,51.13999938964844,38.90233612060547,53300,JEPI
5,2020-05-29,51.029998779296875,53.02000045776367,50.90999984741211,51.194000244140625,38.943416595458984,55300,JEPI
6,2020-06-01,51.29999923706055,51.29999923706055,51.167999267578125,51.167999267578125,38.92364501953125,10500,JEPI
7,2020-06-02,51.13999938964844,51.27000045776367,51.119998931884766,51.22700119018555,38.9685173034668,11000,JEPI
8,2020-06-03,51.400001525878906,51.58000183105469,51.31100082397461,51.43899917602539,39.129798889160156,10000,JEPI
9,2020-06-04,51.310001373291016,51.327999114990234,51.09000015258789,51.141998291015625,38.903865814208984,4800,JEPI
10,2020-06-05,52.08000183105469,52.08000183105469,51.41899871826172,51.41899871826172,39.11457443237305,7100,JEPI
11,2020-06-08,51.32600021362305,51.32899856567383,51.1150016784668,51.32699966430664,39.04458999633789,21700,JEPI
12,2020-06-09,51.290000915527344,51.290000915527344,51.055999755859375,51.055999755859375,38.83843994140625,11800,JEPI
13,2020-06-10,51.119998931884766,51.29899978637695,51.10499954223633,51.10499954223633,38.8757209777832,4200,JEPI
14,2020-06-11,51.439998626708984,51.439998626708984,50.119998931884766,50.132999420166016,38.13630676269531,4400,JEPI
15,2020-06-12,50.005001068115234,50.04999923706055,49.5,49.93000030517578,37.98188400268555,3700,JEPI
16,2020-06-15,49.5890007019043,50.29999923706055,49.5890007019043,50.29999923706055,38.26335144042969,4400,JEPI
17,2020-06-16,50.790000915527344,50.790000915527344,50.64799880981445,50.64799880981445,38.528079986572266,400,JEPI
18,2020-06-17,50.71900177001953,50.86000061035156,50.63100051879883,50.63100051879883,38.515132904052734,10200,JEPI
19,2020-06-18,50.75,50.810001373291016,50.61899948120117,50.69200134277344,38.56155014038086,6200,JEPI
20,2020-06-19,50.810001373291016,50.95000076293945,50.59000015258789,50.654998779296875,38.53340148925781,5000,JEPI
21,2020-06-22,50.810001373291016,50.869998931884766,50.619998931884766,50.80099868774414,38.644466400146484,10400,JEPI
22,2020-06-23,50.97999954223633,50.97999954223633,50.80799865722656,50.80799865722656,38.64978790283203,800,JEPI
23,2020-06-24,50.29999923706055,50.29999923706055,50.25899887084961,50.27899932861328,38.24737548828125,1700,JEPI
24,2020-06-25,50.04899978637695,50.40999984741211,50.04899978637695,50.347999572753906,38.29986572265625,4100,JEPI
25,2020-06-26,50.33000183105469,50.33000183105469,49.56999969482422,49.70500183105469,37.810733795166016,7100,JEPI
26,2020-06-29,49.790000915527344,50.209999084472656,49.790000915527344,50.17399978637695,38.16749954223633,9900,JEPI
27,2020-06-30,50.369998931884766,50.93600082397461,50.369998931884766,50.93600082397461,38.747169494628906,18400,JEPI
28,2020-07-01,50.650001525878906,50.81999969482422,50.54899978637695,50.7400016784668,38.976070404052734,11100,JEPI
29,2020-07-02,51.369998931884766,51.369998931884766,50.83700180053711,50.83700180053711,39.05058288574219,3000,JEPI
30,2020-07-06,51.709999084472656,51.709999084472656,51.22999954223633,51.380001068115234,39.46768569946289,119800,JEPI
31,2020-07-07,51.290000915527344,51.34000015258789,51.0629997253418,51.13999938964844,39.283321380615234,26900,JEPI
32,2020-07-08,51.279998779296875,51.33000183105469,50.95000076293945,51.19200134277344,39.32327651977539,27000,JEPI
33,2020-07-09,51.400001525878906,51.400001525878906,50.52000045776367,50.92900085449219,39.121246337890625,36600,JEPI
34,2020-07-10,51.0,51.310001373291016,50.83000183105469,51.262001037597656,39.377044677734375,22500,JEPI
35,2020-07-13,51.40999984741211,51.849998474121094,51.150001525878906,51.20500183105469,39.333251953125,22000,JEPI
36,2020-07-14,51.06999969482422,51.689998626708984,51.040000915527344,51.67300033569336,39.692752838134766,23600,JEPI
37,2020-07-15,52.40999984741211,52.40999984741211,51.849998474121094,51.89899826049805,39.86635971069336,27600,JEPI
38,2020-07-16,51.904998779296875,52.04999923706055,51.869998931884766,52.04999923706055,39.98234939575195,26200,JEPI
39,2020-07-17,52.29999923706055,52.43000030517578,52.165000915527344,52.38600158691406,40.240447998046875,13100,JEPI
40,2020-07-20,52.529998779296875,52.529998779296875,52.31999969482422,52.43000030517578,40.27424621582031,32000,JEPI
41,2020-07-21,54.45000076293945,55.66600036621094,52.400001525878906,52.57699966430664,40.38716125488281,302400,JEPI
42,2020-07-22,52.70000076293945,52.900001525878906,52.619998931884766,52.849998474121094,40.59687423706055,11300,JEPI
43,2020-07-23,52.9900016784668,53.15999984741211,52.66999816894531,52.81800079345703,40.57229995727539,71300,JEPI
44,2020-07-24,52.810001373291016,52.94900131225586,52.560001373291016,52.755001068115234,40.52389144897461,56200,JEPI
45,2020-07-27,52.90999984741211,52.95000076293945,52.82500076293945,52.91999816894531,40.650638580322266,33000,JEPI
46,2020-07-28,53.099998474121094,53.22999954223633,52.95000076293945,53.00199890136719,40.713626861572266,55400,JEPI
47,2020-07-29,53.27000045776367,53.400001525878906,53.0,53.24800109863281,40.9025993347168,121800,JEPI
48,2020-07-30,52.97999954223633,53.21900177001953,52.93000030517578,53.119998931884766,40.80427551269531,37700,JEPI
49,2020-07-31,53.119998931884766,53.220001220703125,52.70199966430664,53.220001220703125,40.88108444213867,38700,JEPI
50,2020-08-03,53.25,53.25,52.970001220703125,53.09000015258789,41.00465774536133,44400,JEPI
51,2020-08-04,53.02000045776367,53.130001068115234,52.97999954223633,53.119998931884766,41.027835845947266,42000,JEPI
52,2020-08-05,53.02000045776367,53.22999954223633,53.02000045776367,53.130001068115234,41.035560607910156,52000,JEPI
53,2020-08-06,53.0,53.220001220703125,53.0,53.220001220703125,41.10506820678711,24400,JEPI
54,2020-08-07,53.22999954223633,53.4900016784668,53.1150016784668,53.481998443603516,41.307430267333984,18900,JEPI
55,2020-08-10,53.72999954223633,53.72999954223633,53.50899887084961,53.630001068115234,41.42173767089844,51000,JEPI
56,2020-08-11,53.61899948120117,53.61899948120117,53.29999923706055,53.38999938964844,41.23637008666992,43400,JEPI
57,2020-08-12,53.529998779296875,53.75,53.529998779296875,53.68000030517578,41.46036148071289,33000,JEPI
58,2020-08-13,53.68000030517578,53.720001220703125,53.529998779296875,53.65999984741211,41.444908142089844,12700,JEPI
59,2020-08-14,53.790000915527344,53.84000015258789,53.70000076293945,53.75,41.5144157409668,11300,JEPI
60,2020-08-17,53.939998626708984,54.040000915527344,53.75,53.9900016784668,41.699790954589844,21300,JEPI
61,2020-08-18,54.119998931884766,54.119998931884766,53.91999816894531,53.93000030517578,41.65345001220703,50500,JEPI
62,2020-08-19,53.981998443603516,54.00699996948242,53.81999969482422,53.81999969482422,41.568485260009766,32000,JEPI
63,2020-08-20,53.810001373291016,53.869998931884766,53.654998779296875,53.814998626708984,41.56462097167969,12800,JEPI
64,2020-08-21,53.83000183105469,53.900001525878906,53.72999954223633,53.880001068115234,41.61482238769531,12300,JEPI
65,2020-08-24,53.93000030517578,54.09000015258789,53.93000030517578,54.09000015258789,41.77702331542969,28000,JEPI
66,2020-08-25,54.06999969482422,54.15999984741211,53.95000076293945,54.060001373291016,41.75385284423828,28000,JEPI
67,2020-08-26,54.06999969482422,54.209999084472656,54.0,54.15999984741211,41.83108901977539,20600,JEPI
68,2020-08-27,54.08000183105469,54.249000549316406,54.02000045776367,54.099998474121094,41.784751892089844,21100,JEPI
69,2020-08-28,54.0099983215332,54.040000915527344,53.900001525878906,54.029998779296875,41.73068618774414,36300,JEPI
70,2020-08-31,54.15299987792969,54.20000076293945,54.040000915527344,54.189998626708984,41.85426330566406,27800,JEPI
71,2020-09-01,53.75,53.75,53.39500045776367,53.479000091552734,41.653316497802734,23100,JEPI
72,2020-09-02,53.47999954223633,53.970001220703125,53.470001220703125,53.959999084472656,42.027950286865234,58600,JEPI
73,2020-09-03,53.75899887084961,53.91999816894531,53.51499938964844,53.61800003051758,41.76157760620117,27800,JEPI
74,2020-09-04,53.5,53.5,52.63999938964844,52.95000076293945,41.24128341674805,60200,JEPI
75,2020-09-08,52.81999969482422,53.029998779296875,52.66999816894531,52.68000030517578,41.0309944152832,29800,JEPI
76,2020-09-09,53.209999084472656,53.66899871826172,53.10200119018555,53.400001525878906,41.591773986816406,12800,JEPI
77,2020-09-10,53.41999816894531,53.52000045776367,52.810001373291016,52.880001068115234,41.1867561340332,7200,JEPI
78,2020-09-11,53.040000915527344,53.064998626708984,52.650001525878906,52.95000076293945,41.24128341674805,40900,JEPI
79,2020-09-14,53.38999938964844,53.638999938964844,53.150001525878906,53.5,41.66967010498047,59400,JEPI
80,2020-09-15,53.7400016784668,53.87900161743164,53.58000183105469,53.68000030517578,41.80986404418945,30700,JEPI
81,2020-09-16,53.900001525878906,53.9900016784668,53.59000015258789,53.59000015258789,41.73976516723633,58200,JEPI
82,2020-09-17,53.150001525878906,53.45000076293945,52.90999984741211,53.220001220703125,41.45158004760742,65400,JEPI
83,2020-09-18,53.290000915527344,53.33000183105469,52.69900131225586,52.959999084472656,41.24907302856445,36600,JEPI
84,2020-09-21,52.63999938964844,52.63999938964844,51.792999267578125,52.43000030517578,40.83628463745117,54900,JEPI
85,2020-09-22,52.58000183105469,52.900001525878906,52.40999984741211,52.869998931884766,41.178977966308594,30000,JEPI
86,2020-09-23,52.959999084472656,53.029998779296875,51.97999954223633,52.029998779296875,40.52472686767578,25200,JEPI
87,2020-09-24,51.54999923706055,52.44900131225586,51.54999923706055,52.06999969482422,40.555885314941406,28400,JEPI
88,2020-09-25,51.959999084472656,52.709999084472656,51.91400146484375,52.709999084472656,41.054359436035156,10900,JEPI
89,2020-09-28,53.470001220703125,53.52000045776367,53.150001525878906,53.33000183105469,41.537261962890625,18700,JEPI
90,2020-09-29,53.33000183105469,53.41899871826172,53.040000915527344,53.08000183105469,41.34253692626953,44700,JEPI
91,2020-09-30,53.060001373291016,53.58000183105469,53.060001373291016,53.33000183105469,41.537261962890625,19700,JEPI
92,2020-10-01,53.119998931884766,53.119998931884766,52.75899887084961,52.882999420166016,41.52783966064453,16400,JEPI
93,2020-10-02,52.18000030517578,52.95000076293945,52.18000030517578,52.77000045776367,41.43910217285156,17800,JEPI
94,2020-10-05,53.220001220703125,53.400001525878906,52.970001220703125,53.310001373291016,41.863155364990234,14700,JEPI
95,2020-10-06,53.470001220703125,53.54899978637695,52.869998931884766,52.91999816894531,41.55689239501953,46500,JEPI
96,2020-10-07,53.290000915527344,53.630001068115234,53.290000915527344,53.54499816894531,42.047691345214844,17700,JEPI
97,2020-10-08,53.880001068115234,53.880001068115234,53.66999816894531,53.84000015258789,42.27934646606445,20400,JEPI
98,2020-10-09,54.29999923706055,54.29999923706055,54.02899932861328,54.13399887084961,42.51022720336914,16300,JEPI
99,2020-10-12,54.29999923706055,54.51900100708008,54.22999954223633,54.39400100708008,42.71440124511719,77500,JEPI
100,2020-10-13,54.369998931884766,54.388999938964844,54.099998474121094,54.2599983215332,42.60916519165039,19100,JEPI
101,2020-10-14,54.150001525878906,54.45000076293945,54.150001525878906,54.2400016784668,42.59346008300781,20800,JEPI
102,2020-10-15,54.058998107910156,54.189998626708984,53.869998931884766,54.12799835205078,42.50550079345703,17400,JEPI
103,2020-10-16,54.310001373291016,54.470001220703125,54.284000396728516,54.284000396728516,42.62800598144531,44300,JEPI
104,2020-10-19,54.46900177001953,54.46900177001953,53.83000183105469,53.869998931884766,42.30290985107422,33600,JEPI
105,2020-10-20,54.290000915527344,54.290000915527344,53.861000061035156,53.95000076293945,42.36573028564453,26400,JEPI
106,2020-10-21,54.0989990234375,54.0989990234375,53.689998626708984,53.689998626708984,42.16156005859375,11100,JEPI
107,2020-10-22,53.5,53.90999984741211,53.5,53.84000015258789,42.27934646606445,68400,JEPI
108,2020-10-23,54.040000915527344,54.060001373291016,53.82500076293945,53.983001708984375,42.39163589477539,21700,JEPI
109,2020-10-26,53.720001220703125,53.900001525878906,53.40999984741211,53.63999938964844,42.12229537963867,51700,JEPI
110,2020-10-27,53.59000015258789,53.650001525878906,53.279998779296875,53.279998779296875,41.8395881652832,20900,JEPI
111,2020-10-28,52.54999923706055,52.87799835205078,52.29999923706055,52.310001373291016,41.077880859375,43600,JEPI
112,2020-10-29,52.0,52.7400016784668,51.77000045776367,52.45000076293945,41.187808990478516,48700,JEPI
113,2020-10-30,52.130001068115234,52.349998474121094,51.70000076293945,52.138999938964844,40.94359588623047,19700,JEPI
114,2020-11-02,52.43000030517578,52.55799865722656,52.0,52.310001373291016,41.487667083740234,13000,JEPI
115,2020-11-03,53.0,53.5,52.86000061035156,53.11000061035156,42.12215805053711,35400,JEPI
116,2020-11-04,53.75,54.5,53.75,53.86000061035156,42.716983795166016,139000,JEPI
117,2020-11-05,54.83000183105469,54.83000183105469,54.33000183105469,54.4379997253418,43.175411224365234,22600,JEPI
118,2020-11-06,54.380001068115234,54.650001525878906,54.380001068115234,54.45600128173828,43.18967819213867,24300,JEPI
119,2020-11-09,55.04999923706055,55.88999938964844,54.56999969482422,54.56999969482422,43.280094146728516,24400,JEPI
120,2020-11-10,54.65999984741211,54.970001220703125,54.40999984741211,54.869998931884766,43.51802444458008,125200,JEPI
121,2020-11-11,55.31999969482422,55.31999969482422,54.95000076293945,55.099998474121094,43.70044708251953,32300,JEPI
122,2020-11-12,55.099998474121094,55.119998931884766,54.75600051879883,54.902000427246094,43.543399810791016,26900,JEPI
123,2020-11-13,55.2400016784668,55.40999984741211,55.04999923706055,55.36000061035156,43.906654357910156,14700,JEPI
124,2020-11-16,55.91999816894531,55.91999816894531,55.31999969482422,55.470001220703125,43.993900299072266,126500,JEPI
125,2020-11-17,55.5,55.5,55.16999816894531,55.34400177001953,43.893959045410156,32900,JEPI
126,2020-11-18,55.630001068115234,55.630001068115234,55.15999984741211,55.16999816894531,43.75595474243164,37700,JEPI
127,2020-11-19,55.290000915527344,55.290000915527344,55.040000915527344,55.27000045776367,43.835269927978516,31000,JEPI
128,2020-11-20,55.314998626708984,55.3390007019043,55.09000015258789,55.150001525878906,43.7401008605957,32900,JEPI
129,2020-11-23,55.52000045776367,55.52000045776367,55.099998474121094,55.27000045776367,43.835269927978516,35100,JEPI
130,2020-11-24,55.40999984741211,55.56999969482422,55.35100173950195,55.5099983215332,44.02561950683594,97400,JEPI
131,2020-11-25,55.560001373291016,55.560001373291016,55.31999969482422,55.349998474121094,43.89871597290039,24500,JEPI
132,2020-11-27,55.66999816894531,55.66999816894531,55.3849983215332,55.5099983215332,44.02561950683594,37800,JEPI
133,2020-11-30,55.650001525878906,55.650001525878906,55.189998626708984,55.369998931884766,43.914581298828125,96200,JEPI
134,2020-12-01,55.290000915527344,55.290000915527344,55.060001373291016,55.119998931884766,44.11467361450195,65800,JEPI
135,2020-12-02,55.0099983215332,55.08000183105469,54.816001892089844,54.95500183105469,43.98261260986328,98600,JEPI
136,2020-12-03,55.04999923706055,55.04999923706055,54.75,54.750999450683594,43.8193473815918,41400,JEPI
137,2020-12-04,54.75,55.0099983215332,54.59000015258789,55.0099983215332,44.02663803100586,78700,JEPI
138,2020-12-07,54.84000015258789,55.06999969482422,54.810001373291016,54.90999984741211,43.946598052978516,52700,JEPI
139,2020-12-08,55.040000915527344,55.130001068115234,54.86000061035156,55.06999969482422,44.074649810791016,58600,JEPI
140,2020-12-09,55.2599983215332,55.2599983215332,54.867000579833984,55.02000045776367,44.03464126586914,31200,JEPI
141,2020-12-10,55.04999923706055,55.04999923706055,54.72999954223633,54.79999923706055,43.85856246948242,25500,JEPI
142,2020-12-11,54.81999969482422,54.90999984741211,54.66999816894531,54.849998474121094,43.8985710144043,22800,JEPI
143,2020-12-14,55.43000030517578,55.43000030517578,54.86000061035156,54.86000061035156,43.906578063964844,47000,JEPI
144,2020-12-15,55.0099983215332,55.400001525878906,55.0099983215332,55.31999969482422,44.27474594116211,26500,JEPI
145,2020-12-16,55.459999084472656,55.52000045776367,55.209999084472656,55.310001373291016,44.2667350769043,22200,JEPI
146,2020-12-17,55.689998626708984,55.7400016784668,55.540000915527344,55.65999984741211,44.54685974121094,24700,JEPI
147,2020-12-18,55.779998779296875,55.790000915527344,55.42100143432617,55.75,44.6188850402832,73700,JEPI
148,2020-12-21,55.33000183105469,55.56999969482422,55.04999923706055,55.5099983215332,44.42679977416992,35700,JEPI
149,2020-12-22,55.599998474121094,55.599998474121094,55.25,55.31999969482422,44.27474594116211,27700,JEPI
150,2020-12-23,55.40999984741211,55.665000915527344,55.380001068115234,55.380001068115234,44.322757720947266,49100,JEPI
151,2020-12-24,55.58000183105469,55.60300064086914,55.400001525878906,55.60300064086914,44.50123596191406,10500,JEPI
152,2020-12-28,56.11000061035156,56.11000061035156,55.834999084472656,55.869998931884766,44.71493148803711,34100,JEPI
153,2020-12-29,56.09000015258789,56.13999938964844,55.77299880981445,55.90999984741211,44.74692916870117,39000,JEPI
154,2020-12-30,55.58000183105469,55.58000183105469,55.310001373291016,55.349998474121094,44.73319625854492,57600,JEPI
155,2020-12-31,55.4900016784668,55.75,55.290000915527344,55.75,45.05648422241211,33000,JEPI
156,2021-01-04,55.7400016784668,55.7400016784668,54.869998931884766,55.13999938964844,44.563472747802734,66000,JEPI
157,2021-01-05,55.25,55.27899932861328,54.900001525878906,55.209999084472656,44.62004852294922,53900,JEPI
158,2021-01-06,55.29999923706055,55.77000045776367,55.099998474121094,55.52000045776367,44.8705940246582,78100,JEPI
159,2021-01-07,55.77000045776367,55.77000045776367,55.4900016784668,55.62099838256836,44.95222473144531,98200,JEPI
160,2021-01-08,55.650001525878906,55.81999969482422,55.58000183105469,55.77000045776367,45.07263946533203,44000,JEPI
161,2021-01-11,55.56999969482422,55.91899871826172,55.56999969482422,55.77000045776367,45.07263946533203,33300,JEPI
162,2021-01-12,55.654998779296875,55.71500015258789,55.5,55.652000427246094,44.97727966308594,91800,JEPI
163,2021-01-13,55.849998474121094,55.91899871826172,55.68899917602539,55.83000183105469,45.12113571166992,68600,JEPI
164,2021-01-14,56.0,56.0,55.64500045776367,55.650001525878906,44.97565841674805,34800,JEPI
165,2021-01-15,55.66999816894531,55.81999969482422,55.5,55.75,45.05648422241211,43200,JEPI
166,2021-01-19,55.9900016784668,56.0099983215332,55.849998474121094,55.900001525878906,45.177703857421875,64100,JEPI
167,2021-01-20,56.189998626708984,56.404998779296875,56.08000183105469,56.38999938964844,45.5737190246582,47600,JEPI
168,2021-01-21,56.439998626708984,56.439998626708984,56.16999816894531,56.16999816894531,45.39591598510742,50500,JEPI
169,2021-01-22,56.279998779296875,56.29499816894531,56.06999969482422,56.18000030517578,45.40400314331055,66000,JEPI
170,2021-01-25,56.31999969482422,56.61000061035156,56.189998626708984,56.459999084472656,45.63029098510742,1188600,JEPI
171,2021-01-26,56.75,56.75,56.34000015258789,56.40999984741211,45.589881896972656,708600,JEPI
172,2021-01-27,56.349998474121094,56.349998474121094,55.29999923706055,55.45000076293945,44.81401824951172,505800,JEPI
173,2021-01-28,55.709999084472656,56.060001373291016,55.5,55.650001525878906,44.97565841674805,631600,JEPI
174,2021-01-29,55.61000061035156,55.61000061035156,54.66999816894531,54.86000061035156,44.33718490600586,320500,JEPI
175,2021-02-01,55.20000076293945,55.25,54.709999084472656,55.06999969482422,44.7213020324707,182500,JEPI
176,2021-02-02,55.61000061035156,55.939998626708984,55.36800003051758,55.650001525878906,45.19230651855469,187300,JEPI
177,2021-02-03,55.880001068115234,55.880001068115234,55.367000579833984,55.47999954223633,45.05424118041992,232900,JEPI
178,2021-02-04,55.5099983215332,55.93000030517578,55.5099983215332,55.869998931884766,45.37096405029297,161700,JEPI
179,2021-02-05,56.13999938964844,56.16999816894531,55.97999954223633,56.0,45.476539611816406,186500,JEPI
180,2021-02-08,56.25,56.25,55.939998626708984,55.97999954223633,45.46030044555664,183100,JEPI
181,2021-02-09,56.130001068115234,56.150001525878906,55.974998474121094,56.099998474121094,45.557735443115234,169900,JEPI
182,2021-02-10,56.25,56.25,55.95000076293945,56.06999969482422,45.53338623046875,125300,JEPI
183,2021-02-11,56.189998626708984,56.189998626708984,55.900001525878906,56.029998779296875,45.50090408325195,159900,JEPI
184,2021-02-12,56.029998779296875,56.06999969482422,55.900001525878906,56.04999923706055,45.51713943481445,99300,JEPI
185,2021-02-16,56.099998474121094,56.17499923706055,55.90999984741211,55.91999816894531,45.41156768798828,155700,JEPI
186,2021-02-17,55.95000076293945,56.130001068115234,55.82500076293945,56.130001068115234,45.58209991455078,110600,JEPI
187,2021-02-18,56.06999969482422,56.25,55.917999267578125,56.20000076293945,45.63895797729492,218000,JEPI
188,2021-02-19,56.4900016784668,56.4900016784668,55.900001525878906,55.93000030517578,45.41968536376953,161100,JEPI
189,2021-02-22,55.849998474121094,55.86000061035156,55.63999938964844,55.79999923706055,45.31412124633789,142300,JEPI
190,2021-02-23,55.7400016784668,55.9900016784668,55.4900016784668,55.849998474121094,45.3547248840332,183400,JEPI
191,2021-02-24,56.04999923706055,56.16999816894531,55.650001525878906,56.06999969482422,45.53338623046875,147000,JEPI
192,2021-02-25,55.900001525878906,56.11000061035156,55.400001525878906,55.4900016784668,45.06237030029297,222600,JEPI
193,2021-02-26,55.79999923706055,55.79999923706055,54.959999084472656,54.970001220703125,44.64009094238281,1460500,JEPI
194,2021-03-01,55.38999938964844,55.84000015258789,55.323001861572266,55.54800033569336,45.37444305419922,221300,JEPI
195,2021-03-02,55.7599983215332,55.790000915527344,55.380001068115234,55.5,45.33522033691406,1939800,JEPI
196,2021-03-03,55.599998474121094,55.599998474121094,54.90999984741211,54.9900016784668,44.918643951416016,182200,JEPI
197,2021-03-04,54.900001525878906,55.209999084472656,53.959999084472656,54.439998626708984,44.46936798095703,246700,JEPI
198,2021-03-05,54.90999984741211,55.58000183105469,54.314998626708984,55.45000076293945,45.29439163208008,162900,JEPI
199,2021-03-08,55.65999984741211,56.310001373291016,55.45000076293945,55.68000030517578,45.482269287109375,339900,JEPI
200,2021-03-09,56.189998626708984,56.400001525878906,56.0,56.060001373291016,45.79266357421875,186900,JEPI
201,2021-03-10,56.380001068115234,56.63999938964844,56.11000061035156,56.45000076293945,46.11124038696289,1115200,JEPI
202,2021-03-11,56.88999938964844,56.88999938964844,56.54600143432617,56.650001525878906,46.27460861206055,285200,JEPI
203,2021-03-12,56.86000061035156,56.86000061035156,56.54999923706055,56.83000183105469,46.42164611816406,189200,JEPI
204,2021-03-15,56.970001220703125,57.099998474121094,56.72999954223633,57.06999969482422,46.6176872253418,172000,JEPI
205,2021-03-16,57.27000045776367,57.27000045776367,57.06999969482422,57.16999816894531,46.69936752319336,1059000,JEPI
206,2021-03-17,57.13999938964844,57.2599983215332,56.89699935913086,57.0,46.560508728027344,162000,JEPI
207,2021-03-18,56.58000183105469,57.0099983215332,56.58000183105469,56.779998779296875,46.38080596923828,125400,JEPI
208,2021-03-19,57.029998779296875,57.029998779296875,56.560001373291016,56.63999938964844,46.26643371582031,941900,JEPI
209,2021-03-22,56.5,57.15999984741211,56.5,57.08000183105469,46.62586212158203,151900,JEPI
210,2021-03-23,57.220001220703125,57.380001068115234,57.03499984741211,57.11000061035156,46.650367736816406,211800,JEPI
211,2021-03-24,57.40999984741211,57.47999954223633,57.15999984741211,57.16999816894531,46.69936752319336,291500,JEPI
212,2021-03-25,57.22999954223633,57.45800018310547,56.90999984741211,57.400001525878906,46.88725280761719,253700,JEPI
213,2021-03-26,57.560001373291016,58.189998626708984,57.40999984741211,58.150001525878906,47.49989700317383,192900,JEPI
214,2021-03-29,57.90999984741211,58.38999938964844,57.79999923706055,58.31999969482422,47.63875198364258,226700,JEPI
215,2021-03-30,58.34000015258789,58.34000015258789,57.97999954223633,58.08000183105469,47.442718505859375,202000,JEPI
216,2021-03-31,58.060001373291016,58.22999954223633,57.90999984741211,58.119998931884766,47.47537612915039,224900,JEPI
217,2021-04-01,58.02000045776367,58.02000045776367,57.599998474121094,57.88999938964844,47.57234573364258,272200,JEPI
218,2021-04-05,58.09000015258789,58.36000061035156,58.0099983215332,58.2400016784668,47.85997772216797,567400,JEPI
219,2021-04-06,58.310001373291016,58.310001373291016,58.0,58.119998931884766,47.76136016845703,299200,JEPI
220,2021-04-07,58.13999938964844,58.220001220703125,57.900001525878906,57.9900016784668,47.65452194213867,291500,JEPI
221,2021-04-08,58.13999938964844,58.14799880981445,58.0,58.06999969482422,47.720272064208984,299300,JEPI
222,2021-04-09,58.119998931884766,58.18000030517578,58.02000045776367,58.15999984741211,47.794227600097656,283600,JEPI
223,2021-04-12,58.20000076293945,58.25,58.119998931884766,58.20000076293945,47.82709884643555,222900,JEPI
224,2021-04-13,58.279998779296875,58.28099822998047,58.125,58.25,47.868186950683594,221300,JEPI
225,2021-04-14,58.29999923706055,58.29999923706055,58.04999923706055,58.22999954223633,47.85174560546875,547200,JEPI
226,2021-04-15,58.22999954223633,58.61000061035156,58.20000076293945,58.61000061035156,48.164024353027344,244400,JEPI
227,2021-04-16,58.7599983215332,58.900001525878906,58.689998626708984,58.81999969482422,48.33659362792969,221600,JEPI
228,2021-04-19,58.9900016784668,58.9900016784668,58.709999084472656,58.83000183105469,48.34481430053711,585000,JEPI
229,2021-04-20,58.86000061035156,59.027000427246094,58.80799865722656,58.9900016784668,48.47629928588867,420600,JEPI
230,2021-04-21,59.189998626708984,59.189998626708984,59.03799819946289,59.09000015258789,48.5584716796875,451000,JEPI
231,2021-04-22,59.189998626708984,59.189998626708984,58.849998474121094,58.97999954223633,48.46807861328125,445100,JEPI
232,2021-04-23,59.13999938964844,59.220001220703125,58.95000076293945,59.119998931884766,48.583133697509766,362800,JEPI
233,2021-04-26,59.20000076293945,59.20000076293945,58.720001220703125,58.779998779296875,48.30372619628906,488700,JEPI
234,2021-04-27,58.779998779296875,59.06999969482422,58.779998779296875,59.0099983215332,48.49273681640625,218000,JEPI
235,2021-04-28,59.130001068115234,59.150001525878906,58.900001525878906,58.970001220703125,48.45986557006836,278900,JEPI
236,2021-04-29,59.0,59.34000015258789,59.0,59.290000915527344,48.72283172607422,337500,JEPI
237,2021-04-30,59.380001068115234,59.380001068115234,59.13999938964844,59.27000045776367,48.70640182495117,289900,JEPI
238,2021-05-03,59.27000045776367,59.369998931884766,59.13999938964844,59.290000915527344,49.0322265625,290200,JEPI
239,2021-05-04,59.25,59.33000183105469,59.09000015258789,59.31999969482422,49.05703353881836,268400,JEPI
240,2021-05-05,59.47999954223633,59.47999954223633,59.20000076293945,59.29999923706055,49.04049301147461,309600,JEPI
241,2021-05-06,59.439998626708984,59.720001220703125,59.36000061035156,59.56999969482422,49.26377868652344,1195200,JEPI
242,2021-05-07,59.83000183105469,59.95000076293945,59.68000030517578,59.90999984741211,49.54497146606445,418100,JEPI
243,2021-05-10,60.09000015258789,60.290000915527344,59.95000076293945,60.029998779296875,49.64419937133789,366700,JEPI
244,2021-05-11,59.81999969482422,59.862998962402344,59.400001525878906,59.61000061035156,49.2968635559082,490200,JEPI
245,2021-05-12,59.4900016784668,59.4900016784668,58.70000076293945,58.72999954223633,48.56911849975586,1524000,JEPI
246,2021-05-13,58.849998474121094,59.5,58.790000915527344,59.34000015258789,49.07358169555664,1345600,JEPI
247,2021-05-14,59.709999084472656,60.04499816894531,59.547000885009766,59.939998626708984,49.56976318359375,1289700,JEPI
248,2021-05-17,59.91999816894531,60.071998596191406,59.689998626708984,59.849998474121094,49.49534225463867,359200,JEPI
249,2021-05-18,60.04999923706055,60.04999923706055,59.45000076293945,59.45000076293945,49.16455078125,474200,JEPI
250,2021-05-19,59.18000030517578,59.279998779296875,58.70000076293945,59.279998779296875,49.023956298828125,340400,JEPI
251,2021-05-20,59.279998779296875,59.849998474121094,59.279998779296875,59.70000076293945,49.37129592895508,335100,JEPI
252,2021-05-21,59.900001525878906,60.029998779296875,59.58000183105469,59.70000076293945,49.37129592895508,223600,JEPI
253,2021-05-24,60.06999969482422,60.119998931884766,59.90999984741211,59.97999954223633,49.602848052978516,446800,JEPI
254,2021-05-25,60.189998626708984,60.189998626708984,59.80500030517578,59.86000061035156,49.50361633300781,292300,JEPI
255,2021-05-26,60.02000045776367,60.02000045776367,59.79999923706055,59.90999984741211,49.54497146606445,362800,JEPI
256,2021-05-27,60.04999923706055,60.04999923706055,59.779998779296875,59.790000915527344,49.445735931396484,469400,JEPI
257,2021-05-28,60.04999923706055,60.09000015258789,59.90999984741211,59.93000030517578,49.561500549316406,310800,JEPI
258,2021-06-01,59.88999938964844,59.88999938964844,59.18000030517578,59.29999923706055,49.29879379272461,529200,JEPI
259,2021-06-02,59.41999816894531,59.70000076293945,59.40999984741211,59.619998931884766,49.5648307800293,331800,JEPI
260,2021-06-03,59.31999969482422,59.7599983215332,59.29999923706055,59.720001220703125,49.64794921875,290700,JEPI
261,2021-06-04,59.68000030517578,59.939998626708984,59.68000030517578,59.93000030517578,49.82254409790039,279000,JEPI
262,2021-06-07,60.02000045776367,60.02000045776367,59.790000915527344,59.849998474121094,49.75603103637695,799300,JEPI
263,2021-06-08,59.970001220703125,59.97999954223633,59.63999938964844,59.810001373291016,49.722782135009766,509200,JEPI
264,2021-06-09,59.75,59.939998626708984,59.75,59.79999923706055,49.7144660949707,424800,JEPI
265,2021-06-10,59.95000076293945,60.040000915527344,59.810001373291016,59.970001220703125,49.85580062866211,468800,JEPI
266,2021-06-11,60.040000915527344,60.099998474121094,59.86000061035156,60.060001373291016,49.93062973022461,320800,JEPI
267,2021-06-14,60.150001525878906,60.150001525878906,59.89799880981445,60.11000061035156,49.972190856933594,377500,JEPI
268,2021-06-15,60.060001373291016,60.2400016784668,60.0099983215332,60.150001525878906,50.00543975830078,331500,JEPI
269,2021-06-16,60.099998474121094,60.24700164794922,59.7599983215332,59.869998931884766,49.77267074584961,421400,JEPI
270,2021-06-17,60.0,60.09400177001953,59.61000061035156,59.83000183105469,49.739402770996094,433200,JEPI
271,2021-06-18,59.689998626708984,59.7400016784668,59.33000183105469,59.36000061035156,49.34867477416992,441500,JEPI
272,2021-06-21,59.5,60.0099983215332,59.43000030517578,59.9900016784668,49.8724250793457,487700,JEPI
273,2021-06-22,60.060001373291016,60.22999954223633,59.939998626708984,60.119998931884766,49.98050308227539,432800,JEPI
274,2021-06-23,60.11000061035156,60.119998931884766,59.93000030517578,59.93000030517578,49.82254409790039,379300,JEPI
275,2021-06-24,60.20000076293945,60.27000045776367,60.099998474121094,60.2400016784668,50.08026885986328,474900,JEPI
276,2021-06-25,60.290000915527344,60.58000183105469,60.279998779296875,60.58000183105469,50.362918853759766,402600,JEPI
277,2021-06-28,60.720001220703125,60.720001220703125,60.4900016784668,60.56999969482422,50.3546028137207,457600,JEPI
278,2021-06-29,60.7400016784668,60.7400016784668,60.560001373291016,60.58000183105469,50.362918853759766,451400,JEPI
279,2021-06-30,60.65999984741211,60.65999984741211,60.5,60.56999969482422,50.3546028137207,480100,JEPI
280,2021-07-01,60.349998474121094,60.4900016784668,60.220001220703125,60.45000076293945,50.5847282409668,383400,JEPI
281,2021-07-02,60.560001373291016,60.630001068115234,60.43000030517578,60.599998474121094,50.71023941040039,292800,JEPI
282,2021-07-06,60.650001525878906,60.650001525878906,60.31999969482422,60.630001068115234,50.735347747802734,408500,JEPI
283,2021-07-07,60.70000076293945,60.970001220703125,60.58000183105469,60.93000030517578,50.98638916015625,549300,JEPI
284,2021-07-08,60.75,60.86000061035156,60.599998474121094,60.790000915527344,50.86923599243164,3668700,JEPI
285,2021-07-09,60.95000076293945,60.95000076293945,60.79999923706055,60.88999938964844,50.95292282104492,969200,JEPI
286,2021-07-12,60.95000076293945,60.970001220703125,60.79999923706055,60.939998626708984,50.994754791259766,517500,JEPI
287,2021-07-13,61.040000915527344,61.040000915527344,60.845001220703125,60.900001525878906,50.9612922668457,468800,JEPI
288,2021-07-14,61.0099983215332,61.11000061035156,60.880001068115234,61.060001373291016,51.095184326171875,452300,JEPI
289,2021-07-15,61.0,61.2400016784668,60.900001525878906,61.220001220703125,51.22906494140625,521300,JEPI
290,2021-07-16,61.400001525878906,61.400001525878906,61.220001220703125,61.2599983215332,51.26253890991211,514100,JEPI
291,2021-07-19,60.95000076293945,61.0,60.44200134277344,60.75,50.83576583862305,916400,JEPI
292,2021-07-20,60.849998474121094,61.27000045776367,60.7400016784668,61.189998626708984,51.203948974609375,593700,JEPI
293,2021-07-21,61.189998626708984,61.290000915527344,61.130001068115234,61.20000076293945,51.21232604980469,1187800,JEPI
294,2021-07-22,61.349998474121094,61.400001525878906,61.029998779296875,61.27000045776367,51.27090072631836,431200,JEPI
295,2021-07-23,61.400001525878906,61.77000045776367,61.349998474121094,61.720001220703125,51.6474723815918,1379300,JEPI
296,2021-07-26,61.75,61.75,61.400001525878906,61.630001068115234,51.572147369384766,967300,JEPI
297,2021-07-27,61.68000030517578,61.7400016784668,61.29999923706055,61.720001220703125,51.6474723815918,813600,JEPI
298,2021-07-28,61.81999969482422,61.81999969482422,61.40999984741211,61.4900016784668,51.45500564575195,937900,JEPI
299,2021-07-29,61.70000076293945,61.72999954223633,61.595001220703125,61.63999938964844,51.58051300048828,742500,JEPI
300,2021-07-30,61.61000061035156,61.83000183105469,61.599998474121094,61.720001220703125,51.6474723815918,816700,JEPI
301,2021-08-02,61.720001220703125,61.720001220703125,61.369998931884766,61.43000030517578,51.6197395324707,630000,JEPI
302,2021-08-03,61.619998931884766,61.75,61.45000076293945,61.7400016784668,51.88022994995117,667500,JEPI
303,2021-08-04,61.720001220703125,61.7400016784668,61.41999816894531,61.5,51.678558349609375,630300,JEPI
304,2021-08-05,61.75,61.75,61.4900016784668,61.66999816894531,51.8214111328125,587700,JEPI
305,2021-08-06,61.7400016784668,61.78300094604492,61.630001068115234,61.72999954223633,51.871826171875,738700,JEPI
306,2021-08-09,61.83000183105469,61.84000015258789,61.70000076293945,61.75,51.88863754272461,673000,JEPI
307,2021-08-10,61.849998474121094,61.900001525878906,61.7400016784668,61.869998931884766,51.98946762084961,863200,JEPI
308,2021-08-11,62.0,62.060001373291016,61.95000076293945,62.029998779296875,52.123924255371094,720300,JEPI
309,2021-08-12,62.09000015258789,62.09000015258789,61.900001525878906,62.040000915527344,52.13231658935547,599000,JEPI
310,2021-08-13,62.11000061035156,62.20000076293945,62.04999923706055,62.189998626708984,52.25837326049805,505500,JEPI
311,2021-08-16,62.220001220703125,62.569000244140625,62.11000061035156,62.560001373291016,52.56928634643555,992600,JEPI
312,2021-08-17,62.41999816894531,62.52000045776367,62.2400016784668,62.5099983215332,52.52726364135742,695400,JEPI
313,2021-08-18,62.47999954223633,62.560001373291016,62.040000915527344,62.11000061035156,52.191139221191406,961800,JEPI
314,2021-08-19,61.86000061035156,62.33000183105469,61.7599983215332,62.2400016784668,52.30038070678711,605300,JEPI
315,2021-08-20,62.25,62.54999923706055,62.150001525878906,62.5,52.51885986328125,658900,JEPI
316,2021-08-23,62.650001525878906,62.76900100708008,62.54999923706055,62.58000183105469,52.586082458496094,1646700,JEPI
317,2021-08-24,62.66999816894531,62.66999816894531,62.36000061035156,62.400001525878906,52.434837341308594,1057500,JEPI
318,2021-08-25,62.5,62.5,62.290000915527344,62.45000076293945,52.476844787597656,769600,JEPI
319,2021-08-26,62.540000915527344,62.540000915527344,62.220001220703125,62.34000015258789,52.38441467285156,1017000,JEPI
320,2021-08-27,62.41999816894531,62.5,62.28499984741211,62.459999084472656,52.48524856567383,1058100,JEPI
321,2021-08-30,62.58000183105469,62.70000076293945,62.540000915527344,62.630001068115234,52.62810516357422,1278000,JEPI
322,2021-08-31,62.70000076293945,62.7400016784668,62.439998626708984,62.529998779296875,52.544063568115234,1160400,JEPI
323,2021-09-01,62.31999969482422,62.31999969482422,62.02000045776367,62.2400016784668,52.58547592163086,1145700,JEPI
324,2021-09-02,62.40999984741211,62.43000030517578,62.2599983215332,62.43000030517578,52.745994567871094,904600,JEPI
325,2021-09-03,62.38999938964844,62.46799850463867,62.209999084472656,62.369998931884766,52.69529724121094,961400,JEPI
326,2021-09-07,62.36000061035156,62.36000061035156,61.880001068115234,61.91999816894531,52.31510543823242,1189600,JEPI
327,2021-09-08,61.880001068115234,62.15999984741211,61.762001037597656,62.15999984741211,52.51787567138672,921700,JEPI
328,2021-09-09,62.119998931884766,62.21500015258789,61.779998779296875,61.81999969482422,52.23061752319336,852100,JEPI
329,2021-09-10,61.9900016784668,62.0,61.54999923706055,61.59000015258789,52.036293029785156,763200,JEPI
330,2021-09-13,61.689998626708984,61.849998474121094,61.27000045776367,61.54999923706055,52.00249099731445,673900,JEPI
331,2021-09-14,61.56999969482422,61.75,61.119998931884766,61.189998626708984,51.69833755493164,720700,JEPI
332,2021-09-15,61.20000076293945,61.70000076293945,61.11000061035156,61.59000015258789,52.036293029785156,655000,JEPI
333,2021-09-16,61.599998474121094,61.650001525878906,61.20000076293945,61.52000045776367,51.97715759277344,1573900,JEPI
334,2021-09-17,61.630001068115234,61.630001068115234,61.099998474121094,61.15999984741211,51.672996520996094,604100,JEPI
335,2021-09-20,60.40999984741211,60.70399856567383,59.790000915527344,60.4900016784668,51.1069221496582,1932100,JEPI
336,2021-09-21,60.70000076293945,60.915000915527344,60.3849983215332,60.439998626708984,51.06468200683594,1070300,JEPI
337,2021-09-22,60.72999954223633,60.959999084472656,60.5099983215332,60.70000076293945,51.28435134887695,785600,JEPI
338,2021-09-23,60.97999954223633,61.38999938964844,60.90999984741211,61.15999984741211,51.672996520996094,705800,JEPI
339,2021-09-24,61.16999816894531,61.279998779296875,61.029998779296875,61.16999816894531,51.68143844604492,603500,JEPI
340,2021-09-27,61.18000030517578,61.220001220703125,60.87799835205078,60.91999816894531,51.47022247314453,736400,JEPI
341,2021-09-28,60.72999954223633,60.72999954223633,59.849998474121094,60.060001373291016,50.74362564086914,1259600,JEPI
342,2021-09-29,60.29999923706055,60.56800079345703,60.099998474121094,60.34000015258789,50.980186462402344,619400,JEPI
343,2021-09-30,60.540000915527344,60.56999969482422,59.59000015258789,59.61000061035156,50.3634147644043,1021300,JEPI
344,2021-10-01,59.560001373291016,59.91999816894531,58.93000030517578,59.7400016784668,50.76537322998047,907100,JEPI
345,2021-10-04,59.709999084472656,59.790000915527344,58.95000076293945,59.34000015258789,50.425453186035156,960600,JEPI
346,2021-10-05,59.400001525878906,60.0099983215332,59.31999969482422,59.779998779296875,50.79936218261719,638700,JEPI
347,2021-10-06,59.5,60.029998779296875,59.29999923706055,60.029998779296875,51.011802673339844,611600,JEPI
348,2021-10-07,60.5099983215332,60.7599983215332,60.349998474121094,60.43000030517578,51.351707458496094,667000,JEPI
349,2021-10-08,60.58000183105469,60.58000183105469,60.209999084472656,60.290000915527344,51.23274230957031,709300,JEPI
350,2021-10-11,60.36000061035156,60.5,60.0099983215332,60.02000045776367,51.00330352783203,519600,JEPI
351,2021-10-12,60.15999984741211,60.189998626708984,59.849998474121094,59.970001220703125,50.9608154296875,806300,JEPI
352,2021-10-13,60.18000030517578,60.38999938964844,59.7599983215332,60.27000045776367,51.21575164794922,715100,JEPI
353,2021-10-14,60.560001373291016,61.0,60.529998779296875,60.95000076293945,51.79359817504883,1114200,JEPI
354,2021-10-15,61.099998474121094,61.290000915527344,61.05099868774414,61.22999954223633,52.03152847290039,656600,JEPI
355,2021-10-18,61.099998474121094,61.2599983215332,60.939998626708984,61.15999984741211,51.972049713134766,860300,JEPI
356,2021-10-19,61.369998931884766,61.439998626708984,61.19499969482422,61.439998626708984,52.20998764038086,819000,JEPI
357,2021-10-20,61.560001373291016,61.72999954223633,61.439998626708984,61.70000076293945,52.430912017822266,1690200,JEPI
358,2021-10-21,61.75,61.79999923706055,61.54999923706055,61.79999923706055,52.51589584350586,750100,JEPI
359,2021-10-22,61.83000183105469,62.04999923706055,61.79999923706055,62.040000915527344,52.7198486328125,675400,JEPI
360,2021-10-25,62.11000061035156,62.119998931884766,61.810001373291016,62.04999923706055,52.728336334228516,883000,JEPI
361,2021-10-26,62.13999938964844,62.16999816894531,61.970001220703125,62.08000183105469,52.75383758544922,842300,JEPI
362,2021-10-27,62.130001068115234,62.130001068115234,61.709999084472656,61.77000045776367,52.49040222167969,1054400,JEPI
363,2021-10-28,61.79999923706055,61.97999954223633,61.73500061035156,61.97999954223633,52.66885757446289,1453100,JEPI
364,2021-10-29,61.970001220703125,62.06999969482422,61.84000015258789,61.97999954223633,52.66885757446289,1113600,JEPI
365,2021-11-01,61.70000076293945,61.720001220703125,61.38999938964844,61.45000076293945,52.52867126464844,888000,JEPI
366,2021-11-02,61.45000076293945,61.650001525878906,61.45000076293945,61.599998474121094,52.656883239746094,805400,JEPI
367,2021-11-03,61.54999923706055,61.689998626708984,61.470001220703125,61.689998626708984,52.73381805419922,664700,JEPI
368,2021-11-04,61.66999816894531,61.70000076293945,61.5,61.66999816894531,52.71672439575195,873200,JEPI
369,2021-11-05,61.68000030517578,61.68199920654297,61.45000076293945,61.540000915527344,52.60560607910156,1098700,JEPI
370,2021-11-08,61.540000915527344,61.63999938964844,61.18000030517578,61.400001525878906,52.48592758178711,1197100,JEPI
371,2021-11-09,61.400001525878906,61.54999923706055,61.29999923706055,61.54999923706055,52.61415100097656,828400,JEPI
372,2021-11-10,61.529998779296875,61.720001220703125,61.529998779296875,61.689998626708984,52.73381805419922,730700,JEPI
373,2021-11-11,61.7599983215332,61.775001525878906,61.58000183105469,61.66999816894531,52.71672439575195,630000,JEPI
374,2021-11-12,61.849998474121094,62.0,61.75,61.959999084472656,52.96461868286133,694000,JEPI
375,2021-11-15,62.029998779296875,62.09000015258789,61.90999984741211,62.0,52.99882125854492,809700,JEPI
376,2021-11-16,62.0,62.209999084472656,62.0,62.060001373291016,53.05010986328125,1015800,JEPI
377,2021-11-17,62.0,62.029998779296875,61.720001220703125,61.88999938964844,52.904781341552734,769200,JEPI
378,2021-11-18,61.93000030517578,61.97999954223633,61.70000076293945,61.72999954223633,52.76801681518555,782000,JEPI
379,2021-11-19,61.869998931884766,61.869998931884766,61.60499954223633,61.650001525878906,52.69963455200195,737400,JEPI
380,2021-11-22,61.77000045776367,61.89699935913086,61.599998474121094,61.689998626708984,52.73381805419922,809900,JEPI
381,2021-11-23,61.66999816894531,61.93000030517578,61.61000061035156,61.88999938964844,52.904781341552734,669500,JEPI
382,2021-11-24,61.90999984741211,61.95000076293945,61.709999084472656,61.91999816894531,52.93042755126953,561300,JEPI
383,2021-11-26,61.54999923706055,61.67499923706055,61.18000030517578,61.36000061035156,52.45173263549805,877600,JEPI
384,2021-11-29,61.529998779296875,61.75,61.380001068115234,61.54999923706055,52.61415100097656,1561600,JEPI
385,2021-11-30,61.43000030517578,61.43000030517578,60.459999084472656,60.56999969482422,51.77641677856445,1864700,JEPI
386,2021-12-01,60.869998931884766,60.93000030517578,59.65999984741211,59.66999816894531,51.331668853759766,1622600,JEPI
387,2021-12-02,59.86000061035156,60.689998626708984,59.70000076293945,60.47999954223633,52.02847671508789,752100,JEPI
388,2021-12-03,60.63999938964844,60.86899948120117,60.06999969482422,60.650001525878906,52.17473220825195,1086500,JEPI
389,2021-12-06,60.97999954223633,61.375999450683594,60.821998596191406,61.2599983215332,52.699485778808594,947100,JEPI
390,2021-12-07,61.58000183105469,61.97999954223633,61.52000045776367,61.939998626708984,53.284454345703125,668700,JEPI
391,2021-12-08,61.9900016784668,61.9900016784668,61.58000183105469,61.84000015258789,53.198448181152344,541300,JEPI
392,2021-12-09,61.849998474121094,61.95399856567383,61.709999084472656,61.79999923706055,53.164024353027344,617000,JEPI
393,2021-12-10,61.9900016784668,62.20000076293945,61.900001525878906,62.20000076293945,53.50812911987305,644000,JEPI
394,2021-12-13,62.2599983215332,62.41999816894531,62.04999923706055,62.36000061035156,53.64577102661133,1324600,JEPI
395,2021-12-14,61.939998626708984,62.25,61.6510009765625,62.0,53.33607482910156,2420600,JEPI
396,2021-12-15,61.779998779296875,62.68000030517578,61.779998779296875,62.68000030517578,53.921051025390625,2323000,JEPI
397,2021-12-16,62.779998779296875,63.130001068115234,62.75,62.91999816894531,54.12750244140625,4422500,JEPI
398,2021-12-17,62.83000183105469,62.88999938964844,62.25,62.25,53.5511360168457,1361000,JEPI
399,2021-12-20,61.77000045776367,61.81999969482422,61.2400016784668,61.77000045776367,53.13821029663086,1061700,JEPI
400,2021-12-21,62.20000076293945,62.34600067138672,61.849998474121094,62.279998779296875,53.57694625854492,779200,JEPI
401,2021-12-22,62.15999984741211,62.59000015258789,62.15999984741211,62.58000183105469,53.83502960205078,2011000,JEPI
402,2021-12-23,62.70000076293945,62.959999084472656,62.62099838256836,62.81999969482422,54.04148864746094,739800,JEPI
403,2021-12-27,63.0,63.31999969482422,62.95000076293945,63.31999969482422,54.47161865234375,899600,JEPI
404,2021-12-28,63.349998474121094,63.43000030517578,63.16999816894531,63.349998474121094,54.4974250793457,1666400,JEPI
405,2021-12-29,63.4900016784668,63.67399978637695,63.380001068115234,63.61000061035156,54.72109603881836,1287600,JEPI
406,2021-12-30,63.349998474121094,63.349998474121094,63.029998779296875,63.06999969482422,54.650901794433594,1034400,JEPI
407,2021-12-31,63.130001068115234,63.31999969482422,62.9900016784668,63.189998626708984,54.754886627197266,902300,JEPI
408,2022-01-03,63.20000076293945,63.29999923706055,62.59000015258789,62.90999984741211,54.51226806640625,1058000,JEPI
409,2022-01-04,62.970001220703125,63.15999984741211,62.869998931884766,63.040000915527344,54.62491226196289,1159700,JEPI
410,2022-01-05,63.09000015258789,63.38999938964844,62.849998474121094,62.88999938964844,54.49494171142578,1356000,JEPI
411,2022-01-06,62.900001525878906,62.97999954223633,62.650001525878906,62.7599983215332,54.382293701171875,1619500,JEPI
412,2022-01-07,62.720001220703125,62.720001220703125,62.439998626708984,62.560001373291016,54.20899200439453,1403600,JEPI
413,2022-01-10,62.31999969482422,62.46900177001953,61.75,62.43000030517578,54.096336364746094,1696700,JEPI
414,2022-01-11,62.5,62.599998474121094,61.87799835205078,62.56999969482422,54.2176513671875,1331900,JEPI
415,2022-01-12,62.66999816894531,62.849998474121094,62.59000015258789,62.720001220703125,54.34762954711914,1724100,JEPI
416,2022-01-13,62.84000015258789,62.900001525878906,62.31999969482422,62.439998626708984,54.10500717163086,2509400,JEPI
417,2022-01-14,62.220001220703125,62.22999954223633,61.70600128173828,62.189998626708984,53.88837814331055,1964300,JEPI
418,2022-01-18,61.7400016784668,61.847999572753906,61.31999969482422,61.45000076293945,53.24715805053711,1973800,JEPI
419,2022-01-19,61.66999816894531,61.83000183105469,61.13999938964844,61.16999816894531,53.0045280456543,1784100,JEPI
420,2022-01-20,61.33000183105469,61.849998474121094,60.61000061035156,60.70000076293945,52.59727478027344,1614600,JEPI
421,2022-01-21,60.5,61.04499816894531,60.0,60.06999969482422,52.051368713378906,2032000,JEPI
422,2022-01-24,59.599998474121094,60.33000183105469,58.380001068115234,60.2599983215332,52.21601104736328,3405700,JEPI
423,2022-01-25,59.540000915527344,60.099998474121094,58.724998474121094,59.59000015258789,51.63544464111328,2016500,JEPI
424,2022-01-26,60.060001373291016,60.310001373291016,58.79999923706055,59.2599983215332,51.34950256347656,1999800,JEPI
425,2022-01-27,59.689998626708984,60.2400016784668,59.040000915527344,59.27000045776367,51.3581657409668,1806100,JEPI
426,2022-01-28,59.33000183105469,60.400001525878906,58.79999923706055,60.369998931884766,52.31132507324219,1262600,JEPI
427,2022-01-31,60.29999923706055,60.9900016784668,60.060001373291016,60.9900016784668,52.84856033325195,1357200,JEPI
428,2022-02-01,60.75,60.893001556396484,60.277000427246094,60.790000915527344,53.007259368896484,1543700,JEPI
429,2022-02-02,60.97999954223633,61.59000015258789,60.86600112915039,61.470001220703125,53.60020446777344,2077100,JEPI
430,2022-02-03,61.20000076293945,61.36000061035156,60.849998474121094,60.91999816894531,53.12062454223633,1906600,JEPI
431,2022-02-04,60.7599983215332,60.9900016784668,60.15999984741211,60.630001068115234,52.86774826049805,1789700,JEPI
432,2022-02-07,60.75,60.77000045776367,60.310001373291016,60.400001525878906,52.66719055175781,1137600,JEPI
433,2022-02-08,60.560001373291016,60.86800003051758,60.349998474121094,60.790000915527344,53.007259368896484,2423300,JEPI
434,2022-02-09,61.130001068115234,61.37900161743164,61.04999923706055,61.310001373291016,53.460693359375,3341800,JEPI
435,2022-02-10,60.959999084472656,61.20000076293945,60.29999923706055,60.5,52.754390716552734,1492800,JEPI
436,2022-02-11,60.5099983215332,60.73899841308594,59.68000030517578,59.880001068115234,52.213768005371094,2048100,JEPI
437,2022-02-14,59.790000915527344,59.99800109863281,59.29600143432617,59.709999084472656,52.06553268432617,966800,JEPI
438,2022-02-15,60.2599983215332,60.439998626708984,59.92499923706055,60.150001525878906,52.44920349121094,969000,JEPI
439,2022-02-16,60.029998779296875,60.459999084472656,59.81999969482422,60.310001373291016,52.588714599609375,1149400,JEPI
440,2022-02-17,60.0,60.189998626708984,59.58000183105469,59.720001220703125,52.074256896972656,1127000,JEPI
441,2022-02-18,59.68000030517578,59.900001525878906,59.34000015258789,59.540000915527344,51.917293548583984,988800,JEPI
442,2022-02-22,59.29999923706055,59.689998626708984,58.790000915527344,59.060001373291016,51.498748779296875,1069600,JEPI
443,2022-02-23,59.41999816894531,59.500999450683594,58.29999923706055,58.33000183105469,50.86220932006836,2957500,JEPI
444,2022-02-24,57.33000183105469,58.749000549316406,57.08000183105469,58.689998626708984,51.17612075805664,3438400,JEPI
445,2022-02-25,59.0,60.060001373291016,58.880001068115234,60.029998779296875,52.344566345214844,3125400,JEPI
446,2022-02-28,59.650001525878906,59.939998626708984,59.20800018310547,59.86000061035156,52.19633483886719,1729100,JEPI
447,2022-03-01,59.349998474121094,59.44499969482422,58.459999084472656,58.790000915527344,51.66204833984375,1510900,JEPI
448,2022-03-02,58.939998626708984,59.7400016784668,58.86000061035156,59.52000045776367,52.30353546142578,913500,JEPI
449,2022-03-03,59.86000061035156,60.099998474121094,59.564998626708984,59.72999954223633,52.488075256347656,1979000,JEPI
450,2022-03-04,59.560001373291016,59.86000061035156,59.20000076293945,59.86000061035156,52.60231399536133,2045700,JEPI
451,2022-03-07,59.650001525878906,59.86000061035156,58.7400016784668,58.869998931884766,51.73234176635742,1768500,JEPI
452,2022-03-08,58.79999923706055,59.22800064086914,58.05500030517578,58.11000061035156,51.064491271972656,1687200,JEPI
453,2022-03-09,58.88999938964844,59.20000076293945,58.611000061035156,58.90999984741211,51.76749038696289,1140900,JEPI
454,2022-03-10,58.5099983215332,59.0359992980957,58.400001525878906,58.849998474121094,51.71476745605469,2049800,JEPI
455,2022-03-11,59.43000030517578,59.47999954223633,58.560001373291016,58.63999938964844,51.53023147583008,1217500,JEPI
456,2022-03-14,58.900001525878906,59.39099884033203,58.58000183105469,58.709999084472656,51.59174728393555,1193300,JEPI
457,2022-03-15,59.0,59.68000030517578,58.95000076293945,59.619998931884766,52.391414642333984,1360300,JEPI
458,2022-03-16,60.0,60.209999084472656,59.310001373291016,60.119998931884766,52.830787658691406,1426800,JEPI
459,2022-03-17,60.15999984741211,60.70000076293945,60.04999923706055,60.70000076293945,53.34046936035156,1214400,JEPI
460,2022-03-18,60.68000030517578,60.95000076293945,60.4640007019043,60.900001525878906,53.51622009277344,1308300,JEPI
461,2022-03-21,60.97999954223633,61.141998291015625,60.689998626708984,60.86000061035156,53.48107147216797,1654900,JEPI
462,2022-03-22,61.06999969482422,61.14899826049805,60.90599822998047,61.02000045776367,53.62166976928711,1511200,JEPI
463,2022-03-23,61.0,61.0,60.630001068115234,60.689998626708984,53.33168029785156,1574200,JEPI
464,2022-03-24,60.91999816894531,61.0099983215332,60.75,61.0099983215332,53.61288070678711,2313700,JEPI
465,2022-03-25,61.189998626708984,61.29999923706055,61.0,61.29999923706055,53.867713928222656,1430700,JEPI
466,2022-03-28,61.31999969482422,61.4900016784668,61.189998626708984,61.4900016784668,54.03468322753906,1854500,JEPI
467,2022-03-29,61.779998779296875,61.779998779296875,61.41999816894531,61.599998474121094,54.131351470947266,2442900,JEPI
468,2022-03-30,61.56999969482422,61.62699890136719,61.43000030517578,61.599998474121094,54.131351470947266,2166900,JEPI
469,2022-03-31,61.689998626708984,61.900001525878906,61.27000045776367,61.400001525878906,53.95559310913086,2834500,JEPI
470,2022-04-01,61.0,61.13999938964844,60.709999084472656,61.0099983215332,54.13127136230469,1874300,JEPI
471,2022-04-04,61.1150016784668,61.1150016784668,60.689998626708984,60.849998474121094,53.98930358886719,2005600,JEPI
472,2022-04-05,60.939998626708984,61.25,60.900001525878906,60.95000076293945,54.078041076660156,2110100,JEPI
473,2022-04-06,61.0,61.45000076293945,60.849998474121094,61.41999816894531,54.49504852294922,1706300,JEPI
474,2022-04-07,61.41999816894531,61.7599983215332,61.25,61.70000076293945,54.74348068237305,2823400,JEPI
475,2022-04-08,61.810001373291016,61.92900085449219,61.5099983215332,61.79999923706055,54.83220672607422,2122000,JEPI
476,2022-04-11,61.790000915527344,61.86000061035156,61.2599983215332,61.34000015258789,54.42406463623047,2682700,JEPI
477,2022-04-12,61.58000183105469,61.68000030517578,61.040000915527344,61.119998931884766,54.2288703918457,2587500,JEPI
478,2022-04-13,61.27000045776367,61.529998779296875,61.060001373291016,61.4900016784668,54.557151794433594,1990500,JEPI
479,2022-04-14,61.54999923706055,61.709999084472656,61.27000045776367,61.310001373291016,54.3974494934082,3309900,JEPI
480,2022-04-18,61.31999969482422,61.5,60.939998626708984,61.16999816894531,54.273223876953125,2068200,JEPI
481,2022-04-19,61.189998626708984,61.79999923706055,61.189998626708984,61.70000076293945,54.74348068237305,2176700,JEPI
482,2022-04-20,62.0,62.38999938964844,61.959999084472656,62.22999954223633,55.213722229003906,1782800,JEPI
483,2022-04-21,62.5,62.599998474121094,61.61000061035156,61.689998626708984,54.73460388183594,2698000,JEPI
484,2022-04-22,61.599998474121094,61.65999984741211,60.15999984741211,60.220001220703125,53.43034744262695,3103000,JEPI
485,2022-04-25,60.0099983215332,60.560001373291016,59.310001373291016,60.439998626708984,53.62553787231445,2748200,JEPI
486,2022-04-26,60.279998779296875,60.349998474121094,59.25,59.27000045776367,52.58746337890625,2544000,JEPI
487,2022-04-27,59.4900016784668,60.04999923706055,59.270999908447266,59.47999954223633,52.77377700805664,2191100,JEPI
488,2022-04-28,59.790000915527344,60.4900016784668,59.439998626708984,60.310001373291016,53.51020050048828,3348100,JEPI
489,2022-04-29,60.0,60.04999923706055,58.529998779296875,58.58000183105469,51.975257873535156,3134300,JEPI
490,2022-05-02,58.189998626708984,58.42599868774414,56.959999084472656,57.880001068115234,51.76774215698242,2874700,JEPI
491,2022-05-03,58.099998474121094,58.54499816894531,57.83000183105469,58.15999984741211,52.018184661865234,1862900,JEPI
492,2022-05-04,58.18000030517578,59.3849983215332,57.95000076293945,59.34000015258789,53.073570251464844,2816500,JEPI
493,2022-05-05,59.119998931884766,59.17900085449219,57.68000030517578,58.099998474121094,51.96451187133789,2959200,JEPI
494,2022-05-06,57.779998779296875,58.02000045776367,57.119998931884766,57.79999923706055,51.69619369506836,3047400,JEPI
495,2022-05-09,57.189998626708984,57.28200149536133,56.54999923706055,56.72999954223633,50.73919677734375,3203700,JEPI
496,2022-05-10,57.25,57.380001068115234,56.119998931884766,56.529998779296875,50.5603141784668,6093000,JEPI
497,2022-05-11,56.439998626708984,57.24300003051758,56.20000076293945,56.25,50.309879302978516,3283600,JEPI
498,2022-05-12,56.0,56.47999954223633,55.599998474121094,56.31999969482422,50.37248992919922,2819300,JEPI
499,2022-05-13,56.689998626708984,57.20000076293945,56.5,57.09000015258789,51.06117630004883,2136500,JEPI
500,2022-05-16,57.06999969482422,57.5989990234375,56.900001525878906,57.279998779296875,51.23110580444336,1738500,JEPI
501,2022-05-17,57.779998779296875,57.869998931884766,57.369998931884766,57.81999969482422,51.714088439941406,1906500,JEPI
502,2022-05-18,57.459999084472656,57.5,55.849998474121094,56.0,50.08628463745117,3198300,JEPI
503,2022-05-19,55.599998474121094,56.1609992980957,55.290000915527344,55.68000030517578,49.80008316040039,2581200,JEPI
504,2022-05-20,56.11000061035156,56.130001068115234,54.900001525878906,55.79999923706055,49.90740203857422,2600100,JEPI
505,2022-05-23,56.290000915527344,56.82500076293945,56.11899948120117,56.70000076293945,50.71235656738281,2270100,JEPI
506,2022-05-24,56.439998626708984,57.07500076293945,56.05500030517578,56.93000030517578,50.91806411743164,1835500,JEPI
507,2022-05-25,56.90999984741211,57.2400016784668,56.619998931884766,57.060001373291016,51.03434371948242,1999800,JEPI
508,2022-05-26,57.31999969482422,57.83100128173828,57.31999969482422,57.689998626708984,51.597808837890625,1999900,JEPI
509,2022-05-27,57.869998931884766,58.5,57.861000061035156,58.5,52.3222770690918,2096700,JEPI
510,2022-05-31,58.2400016784668,58.43299865722656,57.81999969482422,58.06999969482422,51.93768310546875,4628800,JEPI
511,2022-06-01,57.68000030517578,57.790000915527344,56.959999084472656,57.279998779296875,51.69041442871094,2259200,JEPI
512,2022-06-02,57.33000183105469,57.755001068115234,56.90999984741211,57.68000030517578,52.0513801574707,1565900,JEPI
513,2022-06-03,57.54999923706055,57.73899841308594,57.470001220703125,57.56999969482422,51.952117919921875,1510700,JEPI
514,2022-06-06,57.90999984741211,58.0,57.599998474121094,57.70000076293945,52.069435119628906,1913100,JEPI
515,2022-06-07,57.33000183105469,58.04999923706055,57.33000183105469,58.04999923706055,52.38528060913086,1405700,JEPI
516,2022-06-08,57.97999954223633,57.97999954223633,57.45000076293945,57.56999969482422,51.952117919921875,1759100,JEPI
517,2022-06-09,57.5,57.683998107910156,56.75,56.79999923706055,51.25725555419922,1664800,JEPI
518,2022-06-10,56.25,56.25,55.619998931884766,55.790000915527344,50.34581756591797,2520700,JEPI
519,2022-06-13,54.70000076293945,54.900001525878906,53.849998474121094,54.09000015258789,48.81170654296875,2898100,JEPI
520,2022-06-14,54.33000183105469,54.42499923706055,53.29999923706055,53.7599983215332,48.5139045715332,2455900,JEPI
521,2022-06-15,54.209999084472656,54.729000091552734,53.380001068115234,54.08000183105469,48.80268859863281,2114200,JEPI
522,2022-06-16,53.2599983215332,53.327999114990234,52.61000061035156,52.86000061035156,47.70174026489258,2424800,JEPI
523,2022-06-17,53.0099983215332,53.30500030517578,52.540000915527344,52.90999984741211,47.746864318847656,2727200,JEPI
524,2022-06-21,53.619998931884766,54.29999923706055,53.54999923706055,54.119998931884766,48.838783264160156,1686300,JEPI
525,2022-06-22,53.56999969482422,54.7400016784668,53.560001373291016,54.29999923706055,49.00121307373047,1884800,JEPI
526,2022-06-23,54.47999954223633,54.939998626708984,54.31999969482422,54.88999938964844,49.53364181518555,1728000,JEPI
527,2022-06-24,55.20000076293945,56.150001525878906,55.13999938964844,56.119998931884766,50.643611907958984,1694600,JEPI
528,2022-06-27,56.2599983215332,56.380001068115234,56.02899932861328,56.20000076293945,50.715816497802734,2084400,JEPI
529,2022-06-28,56.36000061035156,56.650001525878906,55.400001525878906,55.459999084472656,50.04801559448242,2178200,JEPI
530,2022-06-29,55.54999923706055,55.702999114990234,55.29999923706055,55.529998779296875,50.11119079589844,2061400,JEPI
531,2022-06-30,55.09000015258789,55.79999923706055,54.9010009765625,55.45000076293945,50.03900146484375,2568000,JEPI
532,2022-07-01,54.77000045776367,55.58000183105469,54.68000030517578,55.5,50.6513786315918,1809800,JEPI
533,2022-07-05,54.90999984741211,55.15999984741211,54.29999923706055,55.11000061035156,50.29545211791992,2796300,JEPI
534,2022-07-06,55.25,55.75,55.060001373291016,55.45000076293945,50.605751037597656,1804600,JEPI
535,2022-07-07,55.75,55.869998931884766,55.45000076293945,55.63999938964844,50.77915954589844,2060900,JEPI
536,2022-07-08,55.63999938964844,55.84000015258789,55.470001220703125,55.529998779296875,50.67875671386719,2530700,JEPI
537,2022-07-11,55.459999084472656,55.779998779296875,55.439998626708984,55.619998931884766,50.76089859008789,1717600,JEPI
538,2022-07-12,55.5,55.689998626708984,55.02000045776367,55.22999954223633,50.40496826171875,2123000,JEPI
539,2022-07-13,54.79999923706055,55.34000015258789,54.65999984741211,54.88999938964844,50.09466552734375,3088900,JEPI
540,2022-07-14,54.66999816894531,54.91999816894531,54.20000076293945,54.88999938964844,50.09466552734375,2471400,JEPI
541,2022-07-15,55.220001220703125,55.6349983215332,55.220001220703125,55.529998779296875,50.67875671386719,2629500,JEPI
542,2022-07-18,56.0,56.005001068115234,55.06999969482422,55.189998626708984,50.36846160888672,2782900,JEPI
543,2022-07-19,55.52000045776367,55.97999954223633,55.470001220703125,55.880001068115234,50.9981803894043,2361400,JEPI
544,2022-07-20,55.91999816894531,55.96699905395508,55.58700180053711,55.77000045776367,50.897789001464844,2338600,JEPI
545,2022-07-21,55.779998779296875,56.04999923706055,55.630001068115234,56.04999923706055,51.153324127197266,2081800,JEPI
546,2022-07-22,56.130001068115234,56.29800033569336,56.02000045776367,56.20000076293945,51.29022979736328,3578000,JEPI
547,2022-07-25,56.290000915527344,56.56999969482422,56.23899841308594,56.5099983215332,51.57313919067383,1953100,JEPI
548,2022-07-26,56.459999084472656,56.56999969482422,56.30099868774414,56.5,51.56401824951172,2247900,JEPI
549,2022-07-27,56.650001525878906,56.849998474121094,56.422000885009766,56.7400016784668,51.78305435180664,2795200,JEPI
550,2022-07-28,56.83000183105469,57.38999938964844,56.689998626708984,57.33000183105469,52.321502685546875,3044200,JEPI
551,2022-07-29,57.279998779296875,57.4900016784668,57.22999954223633,57.43000030517578,52.412776947021484,4366400,JEPI
552,2022-08-01,56.720001220703125,56.81999969482422,56.5,56.72999954223633,52.224056243896484,2648000,JEPI
553,2022-08-02,56.540000915527344,56.709999084472656,56.439998626708984,56.4900016784668,52.00311279296875,2482500,JEPI
554,2022-08-03,56.58000183105469,56.79999923706055,56.459999084472656,56.66999816894531,52.16881561279297,3245500,JEPI
555,2022-08-04,56.63999938964844,56.79399871826172,56.560001373291016,56.689998626708984,52.18722915649414,2555500,JEPI
556,2022-08-05,56.47999954223633,56.83000183105469,56.42499923706055,56.810001373291016,52.29770278930664,2825200,JEPI
557,2022-08-08,56.93000030517578,57.09600067138672,56.85499954223633,56.9900016784668,52.46340560913086,2375600,JEPI
558,2022-08-09,56.9900016784668,57.18000030517578,56.97999954223633,57.119998931884766,52.583072662353516,2136000,JEPI
559,2022-08-10,57.34000015258789,57.41999816894531,57.220001220703125,57.349998474121094,52.794803619384766,5960300,JEPI
560,2022-08-11,57.5099983215332,57.59000015258789,57.2400016784668,57.29999923706055,52.748779296875,3273900,JEPI
561,2022-08-12,57.400001525878906,57.619998931884766,57.31999969482422,57.619998931884766,53.04336166381836,8705500,JEPI
562,2022-08-15,57.529998779296875,57.77000045776367,57.5,57.77000045776367,53.18144226074219,2430800,JEPI
563,2022-08-16,57.72999954223633,57.88999938964844,57.650001525878906,57.83000183105469,53.2366828918457,2865300,JEPI
564,2022-08-17,57.650001525878906,57.790000915527344,57.560001373291016,57.709999084472656,53.126216888427734,2691200,JEPI
565,2022-08-18,57.7599983215332,57.849998474121094,57.68000030517578,57.83000183105469,53.2366828918457,2376600,JEPI
566,2022-08-19,57.65999984741211,57.849998474121094,57.650001525878906,57.790000915527344,53.199851989746094,3008500,JEPI
567,2022-08-22,57.599998474121094,57.70000076293945,57.36000061035156,57.38999938964844,52.831634521484375,3659500,JEPI
568,2022-08-23,57.43000030517578,57.4900016784668,57.060001373291016,57.16999816894531,52.62910079956055,2641500,JEPI
569,2022-08-24,57.25,57.435001373291016,57.15999984741211,57.2400016784668,52.693546295166016,2644300,JEPI
570,2022-08-25,57.41999816894531,57.75,57.2599983215332,57.75,53.16303253173828,2536500,JEPI
571,2022-08-26,57.75,57.7859992980957,56.5,56.619998931884766,52.12278747558594,3604700,JEPI
572,2022-08-29,56.2599983215332,56.65999984741211,56.099998474121094,56.31999969482422,51.846622467041016,4346800,JEPI
573,2022-08-30,56.45000076293945,56.470001220703125,55.52000045776367,55.689998626708984,51.26665496826172,3579800,JEPI
574,2022-08-31,55.84000015258789,55.979000091552734,55.2400016784668,55.2599983215332,50.87080764770508,2931000,JEPI
575,2022-09-01,54.5099983215332,55.09000015258789,54.349998474121094,55.06999969482422,51.2139778137207,3455200,JEPI
576,2022-09-02,55.400001525878906,55.63999938964844,54.29999923706055,54.45000076293945,50.637386322021484,2367000,JEPI
577,2022-09-06,54.619998931884766,54.97999954223633,54.279998779296875,54.52000045776367,50.70248794555664,2242200,JEPI
578,2022-09-07,54.529998779296875,55.44499969482422,54.5,55.34000015258789,51.465065002441406,2926500,JEPI
579,2022-09-08,55.20000076293945,55.69499969482422,55.04999923706055,55.65999984741211,51.76266098022461,2200300,JEPI
580,2022-09-09,55.90999984741211,56.244998931884766,55.779998779296875,56.150001525878906,52.218353271484375,2329400,JEPI
581,2022-09-12,56.369998931884766,56.560001373291016,56.279998779296875,56.439998626708984,52.488040924072266,3119200,JEPI
582,2022-09-13,55.77000045776367,55.83000183105469,54.66999816894531,54.66999816894531,50.841983795166016,5235300,JEPI
583,2022-09-14,55.0,55.08000183105469,54.553001403808594,54.869998931884766,51.02798080444336,2418200,JEPI
584,2022-09-15,54.81999969482422,54.90700149536133,54.32099914550781,54.43000030517578,50.61878967285156,5523100,JEPI
585,2022-09-16,54.0,54.25,53.86000061035156,54.20000076293945,50.40488815307617,3100600,JEPI
586,2022-09-19,53.95000076293945,54.52799987792969,53.900001525878906,54.5099983215332,50.69318389892578,2450400,JEPI
587,2022-09-20,54.25,54.310001373291016,53.61399841308594,54.02000045776367,50.23749542236328,2833900,JEPI
588,2022-09-21,54.16999816894531,54.45000076293945,53.290000915527344,53.33000183105469,49.5958137512207,3832700,JEPI
589,2022-09-22,53.31999969482422,53.400001525878906,52.96900177001953,53.09000015258789,49.37261199951172,3791100,JEPI
590,2022-09-23,52.584999084472656,52.709999084472656,51.970001220703125,52.529998779296875,48.851829528808594,5522500,JEPI
591,2022-09-26,52.36000061035156,52.529998779296875,51.73500061035156,52.02000045776367,48.37753677368164,4134200,JEPI
592,2022-09-27,52.41999816894531,52.54999923706055,51.43000030517578,51.65999984741211,48.04274368286133,3522700,JEPI
593,2022-09-28,51.88999938964844,52.749000549316406,51.75,52.560001373291016,48.879730224609375,2749300,JEPI
594,2022-09-29,52.2599983215332,52.349998474121094,51.52000045776367,51.86000061035156,48.228736877441406,2849300,JEPI
595,2022-09-30,51.790000915527344,52.040000915527344,51.15999984741211,51.22999954223633,47.64284896850586,4065000,JEPI
596,2022-10-03,51.150001525878906,52.119998931884766,51.06999969482422,51.95000076293945,48.77034378051758,3744800,JEPI
597,2022-10-04,52.369998931884766,52.95000076293945,52.349998474121094,52.95000076293945,49.709136962890625,2927700,JEPI
598,2022-10-05,52.52000045776367,53.099998474121094,52.32600021362305,52.81999969482422,49.58709716796875,3027800,JEPI
599,2022-10-06,52.75,52.86000061035156,52.119998931884766,52.22999954223633,49.033203125,2895400,JEPI
600,2022-10-07,51.939998626708984,51.970001220703125,51.06999969482422,51.31999969482422,48.17890930175781,3006900,JEPI
601,2022-10-10,51.36000061035156,51.54999923706055,50.970001220703125,51.25,48.113189697265625,2958300,JEPI
602,2022-10-11,51.060001373291016,51.63199996948242,50.959999084472656,51.130001068115234,48.00053405761719,3286700,JEPI
603,2022-10-12,51.20199966430664,51.400001525878906,50.849998474121094,50.880001068115234,47.76583480834961,2510200,JEPI
604,2022-10-13,50.130001068115234,52.029998779296875,49.91999816894531,51.849998474121094,48.67646026611328,5004300,JEPI
605,2022-10-14,52.18000030517578,52.36000061035156,51.084999084472656,51.130001068115234,48.00053405761719,2885800,JEPI
606,2022-10-17,51.709999084472656,52.15999984741211,51.685001373291016,52.0,48.81727981567383,3039100,JEPI
607,2022-10-18,52.70000076293945,52.82899856567383,52.16999816894531,52.5,49.28668212890625,2947500,JEPI
608,2022-10-19,52.36000061035156,52.47999954223633,51.880001068115234,52.119998931884766,48.92993927001953,3974400,JEPI
609,2022-10-20,52.15999984741211,52.36000061035156,51.54999923706055,51.619998931884766,48.460540771484375,1883900,JEPI
610,2022-10-21,51.630001068115234,52.5,51.5,52.43000030517578,49.22096633911133,2154400,JEPI
611,2022-10-24,52.70000076293945,53.13999938964844,52.63999938964844,52.97999954223633,49.737300872802734,3827100,JEPI
612,2022-10-25,53.040000915527344,53.470001220703125,53.0099983215332,53.43000030517578,50.15976333618164,4329600,JEPI
613,2022-10-26,53.369998931884766,53.874000549316406,53.369998931884766,53.61000061035156,50.32874298095703,3752400,JEPI
614,2022-10-27,53.900001525878906,54.16899871826172,53.76100158691406,53.81999969482422,50.5258903503418,2797000,JEPI
615,2022-10-28,53.93000030517578,54.65999984741211,53.900001525878906,54.630001068115234,51.286312103271484,3344500,JEPI
616,2022-10-31,54.59000015258789,54.779998779296875,54.459999084472656,54.56999969482422,51.22998809814453,5064200,JEPI
617,2022-11-01,54.099998474121094,54.13999938964844,53.75,53.90999984741211,51.17871856689453,3024800,JEPI
618,2022-11-02,53.986000061035156,54.34000015258789,53.29999923706055,53.349998474121094,50.647090911865234,3686300,JEPI
619,2022-11-03,53.060001373291016,53.560001373291016,52.97999954223633,53.279998779296875,50.58064270019531,3804300,JEPI
620,2022-11-04,53.72999954223633,53.97999954223633,53.19499969482422,53.79999923706055,51.07429122924805,3141600,JEPI
621,2022-11-07,54.0,54.244998931884766,53.8390007019043,54.15999984741211,51.41605758666992,3042400,JEPI
622,2022-11-08,54.31999969482422,54.7400016784668,54.1349983215332,54.5,51.73883056640625,4025200,JEPI
623,2022-11-09,54.31999969482422,54.529998779296875,53.90999984741211,53.91999816894531,51.18821334838867,2560300,JEPI
624,2022-11-10,55.11000061035156,55.27000045776367,54.79999923706055,55.189998626708984,52.39387130737305,4690400,JEPI
625,2022-11-11,55.220001220703125,55.27000045776367,54.71900177001953,54.900001525878906,52.11856460571289,2727400,JEPI
626,2022-11-14,54.95000076293945,55.279998779296875,54.904998779296875,54.959999084472656,52.17551803588867,3505800,JEPI
627,2022-11-15,55.31999969482422,55.31999969482422,54.75,55.060001373291016,52.27045822143555,4677000,JEPI
628,2022-11-16,55.119998931884766,55.34000015258789,55.02000045776367,55.20000076293945,52.40336227416992,2720400,JEPI
629,2022-11-17,55.0,55.20000076293945,54.91999816894531,55.15999984741211,52.36539077758789,3046000,JEPI
630,2022-11-18,55.369998931884766,55.65999984741211,55.369998931884766,55.59000015258789,52.77360916137695,3318100,JEPI
631,2022-11-21,55.630001068115234,55.95000076293945,55.599998474121094,55.900001525878906,53.067901611328125,4278000,JEPI
632,2022-11-22,56.19499969482422,56.279998779296875,56.060001373291016,56.209999084472656,53.3621940612793,3420000,JEPI
633,2022-11-23,56.20000076293945,56.362998962402344,56.20000076293945,56.33000183105469,53.476112365722656,2472700,JEPI
634,2022-11-25,56.43000030517578,56.540000915527344,56.43000030517578,56.52000045776367,53.656490325927734,1311100,JEPI
635,2022-11-28,56.5,56.51900100708008,56.084999084472656,56.16999816894531,53.32421875,2933100,JEPI
636,2022-11-29,56.2599983215332,56.2599983215332,55.900001525878906,56.150001525878906,53.30523681640625,3274100,JEPI
637,2022-11-30,56.15399932861328,56.779998779296875,55.922000885009766,56.779998779296875,53.903316497802734,4311500,JEPI
638,2022-12-01,56.11000061035156,56.32500076293945,55.97999954223633,56.119998931884766,53.85532760620117,4228200,JEPI
639,2022-12-02,55.95000076293945,56.279998779296875,55.810001373291016,56.15999984741211,53.89371871948242,2960800,JEPI
640,2022-12-05,56.13999938964844,56.13999938964844,55.81999969482422,55.91999816894531,53.66339874267578,3369000,JEPI
641,2022-12-06,55.970001220703125,55.970001220703125,55.314998626708984,55.56999969482422,53.3275260925293,3562800,JEPI
642,2022-12-07,55.5099983215332,55.83000183105469,55.470001220703125,55.599998474121094,53.356319427490234,3500400,JEPI
643,2022-12-08,55.7599983215332,56.02000045776367,55.66999816894531,55.880001068115234,53.62501907348633,3607200,JEPI
644,2022-12-09,55.849998474121094,55.9900016784668,55.54999923706055,55.54999923706055,53.30833435058594,3010400,JEPI
645,2022-12-12,55.619998931884766,56.2400016784668,55.619998931884766,56.2400016784668,53.970489501953125,2824800,JEPI
646,2022-12-13,56.900001525878906,56.91999816894531,56.04499816894531,56.33000183105469,54.056854248046875,5682800,JEPI
647,2022-12-14,56.34000015258789,56.72999954223633,56.02000045776367,56.209999084472656,53.94170379638672,3769500,JEPI
648,2022-12-15,55.91999816894531,55.959999084472656,55.095001220703125,55.310001373291016,53.07802200317383,4807300,JEPI
649,2022-12-16,55.0,55.0,54.47999954223633,54.81999969482422,52.607791900634766,4840200,JEPI
650,2022-12-19,54.7400016784668,55.0,54.27000045776367,54.5099983215332,52.310302734375,4034600,JEPI
651,2022-12-20,54.459999084472656,54.7400016784668,54.23400115966797,54.54999923706055,52.34868621826172,3567500,JEPI
652,2022-12-21,54.88999938964844,55.380001068115234,54.81999969482422,55.22999954223633,53.00124740600586,3440700,JEPI
653,2022-12-22,55.0,55.0,54.099998474121094,54.83000183105469,52.61738586425781,3593000,JEPI
654,2022-12-23,54.79999923706055,55.16999816894531,54.63999938964844,55.16999816894531,52.943668365478516,3100600,JEPI
655,2022-12-27,55.29999923706055,55.40999984741211,54.9900016784668,55.29999923706055,53.068416595458984,3353400,JEPI
656,2022-12-28,55.31999969482422,55.5,54.720001220703125,54.75,52.54061508178711,4093200,JEPI
657,2022-12-29,54.5099983215332,54.86000061035156,54.36000061035156,54.72999954223633,53.07691192626953,4576900,JEPI
658,2022-12-30,54.619998931884766,54.619998931884766,54.060001373291016,54.4900016784668,52.84416580200195,4000300,JEPI
659,2023-01-03,54.720001220703125,54.762001037597656,54.040000915527344,54.470001220703125,52.82476806640625,3670100,JEPI
660,2023-01-04,54.61000061035156,54.93000030517578,54.41999816894531,54.7400016784668,53.086612701416016,3526900,JEPI
661,2023-01-05,54.577999114990234,54.577999114990234,54.084999084472656,54.18000030517578,52.54352569580078,3480000,JEPI
662,2023-01-06,54.540000915527344,55.279998779296875,54.36000061035156,55.18000030517578,53.51332473754883,4908700,JEPI
663,2023-01-09,55.33000183105469,55.540000915527344,54.970001220703125,55.02000045776367,53.358154296875,6390600,JEPI
664,2023-01-10,55.018001556396484,55.189998626708984,54.869998931884766,55.189998626708984,53.52301788330078,4676100,JEPI
665,2023-01-11,55.220001220703125,55.5,55.220001220703125,55.5,53.82365417480469,4556400,JEPI
666,2023-01-12,55.54999923706055,55.70000076293945,55.31100082397461,55.560001373291016,53.88184356689453,5013000,JEPI
667,2023-01-13,55.380001068115234,55.755001068115234,55.380001068115234,55.70000076293945,54.017616271972656,3628300,JEPI
668,2023-01-17,55.709999084472656,55.88999938964844,55.54999923706055,55.560001373291016,53.88184356689453,4028700,JEPI
669,2023-01-18,55.689998626708984,55.70000076293945,54.849998474121094,54.93000030517578,53.270870208740234,5801900,JEPI
670,2023-01-19,54.790000915527344,54.86000061035156,54.599998474121094,54.630001068115234,52.97993469238281,4390900,JEPI
671,2023-01-20,54.720001220703125,55.06999969482422,54.5,55.0099983215332,53.34845733642578,4096400,JEPI
672,2023-01-23,55.29999923706055,55.29999923706055,54.959999084472656,55.119998931884766,53.45513153076172,6425100,JEPI
673,2023-01-24,55.08000183105469,55.22999954223633,54.86000061035156,55.189998626708984,53.52301788330078,5721300,JEPI
674,2023-01-25,55.04600143432617,55.20000076293945,54.762001037597656,55.15999984741211,53.49392318725586,5590100,JEPI
675,2023-01-26,55.2400016784668,55.25,55.029998779296875,55.189998626708984,53.52301788330078,9693800,JEPI
676,2023-01-27,55.119998931884766,55.18000030517578,54.95000076293945,55.02000045776367,53.358154296875,5570500,JEPI
677,2023-01-30,54.9900016784668,55.2599983215332,54.97999954223633,55.02000045776367,53.358154296875,5568200,JEPI
678,2023-01-31,55.11000061035156,55.470001220703125,55.04999923706055,55.470001220703125,53.794559478759766,7037000,JEPI
679,2023-02-01,55.0,55.18000030517578,54.7599983215332,55.040000915527344,53.80824661254883,6340400,JEPI
680,2023-02-02,55.029998779296875,55.060001373291016,54.70000076293945,54.939998626708984,53.71048355102539,9691300,JEPI
681,2023-02-03,54.79999923706055,54.95000076293945,54.529998779296875,54.689998626708984,53.46607971191406,8327900,JEPI
682,2023-02-06,54.61199951171875,54.83000183105469,54.61199951171875,54.790000915527344,53.5638427734375,4600800,JEPI
683,2023-02-07,54.77000045776367,54.86000061035156,54.5099983215332,54.810001373291016,53.583396911621094,4355500,JEPI
684,2023-02-08,54.74599838256836,54.7599983215332,54.58000183105469,54.619998931884766,53.397647857666016,4377900,JEPI
685,2023-02-09,54.79999923706055,54.83000183105469,54.40999984741211,54.43000030517578,53.21189498901367,3725100,JEPI
686,2023-02-10,54.43000030517578,54.79999923706055,54.400001525878906,54.77000045776367,53.54429244995117,4380900,JEPI
687,2023-02-13,54.86000061035156,55.08000183105469,54.84000015258789,55.060001373291016,53.82780075073242,3512000,JEPI
688,2023-02-14,55.11000061035156,55.16999816894531,54.7599983215332,54.95000076293945,53.72026062011719,4925700,JEPI
689,2023-02-15,54.93000030517578,55.09000015258789,54.845001220703125,55.09000015258789,53.85712814331055,4002700,JEPI
690,2023-02-16,54.89500045776367,55.040000915527344,54.61000061035156,54.79999923706055,53.57361602783203,4742200,JEPI
691,2023-02-17,54.68000030517578,54.959999084472656,54.599998474121094,54.900001525878906,53.671382904052734,3952100,JEPI
692,2023-02-21,54.630001068115234,54.70000076293945,54.290000915527344,54.310001373291016,53.09458541870117,5479700,JEPI
693,2023-02-22,54.31999969482422,54.47999954223633,54.0099983215332,54.15999984741211,52.947940826416016,4520800,JEPI
694,2023-02-23,54.400001525878906,54.41999816894531,53.80500030517578,54.2599983215332,53.04570388793945,4055800,JEPI
695,2023-02-24,53.849998474121094,53.970001220703125,53.52000045776367,53.849998474121094,52.64487838745117,4727800,JEPI
696,2023-02-27,54.18000030517578,54.41999816894531,53.880001068115234,54.0,52.79152297973633,7071700,JEPI
697,2023-02-28,53.994998931884766,54.11000061035156,53.790000915527344,53.790000915527344,52.58622360229492,5348000,JEPI
698,2023-03-01,53.314998626708984,53.345001220703125,52.959999084472656,53.15999984741211,52.37047576904297,4360300,JEPI
699,2023-03-02,53.0,53.676998138427734,52.95000076293945,53.56999969482422,52.774383544921875,3454500,JEPI
700,2023-03-03,53.75,54.06999969482422,53.55099868774414,54.029998779296875,53.2275505065918,4499200,JEPI
701,2023-03-06,54.08000183105469,54.305999755859375,54.04999923706055,54.11000061035156,53.306365966796875,3774000,JEPI
702,2023-03-07,54.15999984741211,54.189998626708984,53.38999938964844,53.459999084472656,52.666019439697266,6938300,JEPI
703,2023-03-08,53.5099983215332,53.599998474121094,53.220001220703125,53.5,52.705421447753906,3948700,JEPI
704,2023-03-09,53.608001708984375,53.70000076293945,52.689998626708984,52.84000015258789,52.05522918701172,5065500,JEPI
705,2023-03-10,52.84000015258789,52.9370002746582,52.02000045776367,52.130001068115234,51.355770111083984,6146300,JEPI
706,2023-03-13,51.869998931884766,52.77000045776367,51.790000915527344,52.20000076293945,51.42473220825195,5874500,JEPI
707,2023-03-14,52.70000076293945,53.0,52.28499984741211,52.83000183105469,52.045379638671875,4611600,JEPI
708,2023-03-15,52.209999084472656,52.540000915527344,51.939998626708984,52.5099983215332,51.73012924194336,5393100,JEPI
709,2023-03-16,52.29999923706055,53.119998931884766,52.21500015258789,53.119998931884766,52.3310661315918,4580800,JEPI
710,2023-03-17,52.9900016784668,53.0,52.375,52.529998779296875,51.74983215332031,3662500,JEPI
711,2023-03-20,52.630001068115234,53.09000015258789,52.630001068115234,53.0099983215332,52.22269821166992,3814700,JEPI
712,2023-03-21,53.40999984741211,53.44499969482422,53.09000015258789,53.400001525878906,52.606910705566406,3745400,JEPI
713,2023-03-22,53.400001525878906,53.67300033569336,52.720001220703125,52.7599983215332,51.976409912109375,3959900,JEPI
714,2023-03-23,53.0,53.40999984741211,52.58000183105469,52.86000061035156,52.07493209838867,7166900,JEPI
715,2023-03-24,52.810001373291016,53.279998779296875,52.5099983215332,53.2599983215332,52.46898651123047,5244200,JEPI
716,2023-03-27,53.52000045776367,53.654998779296875,53.400001525878906,53.5,52.705421447753906,3910900,JEPI
717,2023-03-28,53.4900016784668,53.63999938964844,53.380001068115234,53.54999923706055,52.75468444824219,3916300,JEPI
718,2023-03-29,53.88999938964844,54.0,53.81999969482422,54.0,53.197998046875,3969200,JEPI
719,2023-03-30,54.209999084472656,54.2400016784668,54.0099983215332,54.209999084472656,53.404876708984375,4289800,JEPI
720,2023-03-31,54.31999969482422,54.61000061035156,54.310001373291016,54.599998474121094,53.789085388183594,6179800,JEPI
721,2023-04-03,54.18000030517578,54.29999923706055,54.040000915527344,54.2599983215332,53.893375396728516,3933600,JEPI
722,2023-04-04,54.290000915527344,54.34000015258789,54.040000915527344,54.119998931884766,53.75432205200195,3678600,JEPI
723,2023-04-05,54.130001068115234,54.34000015258789,54.130001068115234,54.29999923706055,53.93310546875,3425200,JEPI
724,2023-04-06,54.349998474121094,54.39799880981445,54.209999084472656,54.34000015258789,53.972835540771484,3266900,JEPI
725,2023-04-10,54.279998779296875,54.459999084472656,54.16999816894531,54.45000076293945,54.08209228515625,4149300,JEPI
726,2023-04-11,54.52000045776367,54.720001220703125,54.5099983215332,54.599998474121094,54.2310791015625,3929200,JEPI
727,2023-04-12,54.810001373291016,54.88999938964844,54.61000061035156,54.66999816894531,54.30060577392578,3823500,JEPI
728,2023-04-13,54.72999954223633,54.90999984741211,54.58100128173828,54.86000061035156,54.489322662353516,3740500,JEPI
729,2023-04-14,54.849998474121094,54.91999816894531,54.65999984741211,54.779998779296875,54.40986251831055,3115200,JEPI
730,2023-04-17,54.849998474121094,54.93000030517578,54.7599983215332,54.900001525878906,54.529052734375,3572300,JEPI
731,2023-04-18,55.02000045776367,55.040000915527344,54.83000183105469,54.939998626708984,54.568782806396484,3548100,JEPI
732,2023-04-19,54.900001525878906,55.02000045776367,54.880001068115234,54.95000076293945,54.57871627807617,3737100,JEPI
733,2023-04-20,54.849998474121094,55.060001373291016,54.810001373291016,54.970001220703125,54.59857940673828,4249700,JEPI
734,2023-04-21,55.08000183105469,55.138999938964844,54.935001373291016,55.08000183105469,54.70783996582031,4211500,JEPI
735,2023-04-24,55.150001525878906,55.220001220703125,55.04999923706055,55.15999984741211,54.787296295166016,4854100,JEPI
736,2023-04-25,55.06999969482422,55.08000183105469,54.63999938964844,54.66999816894531,54.30060577392578,4652500,JEPI
737,2023-04-26,54.68000030517578,54.68000030517578,54.150001525878906,54.220001220703125,53.8536491394043,5363700,JEPI
738,2023-04-27,54.400001525878906,55.06999969482422,54.400001525878906,54.9900016784668,54.618446350097656,6862500,JEPI
739,2023-04-28,54.970001220703125,55.400001525878906,54.96500015258789,55.400001525878906,55.02567672729492,5066200,JEPI
740,2023-05-01,54.970001220703125,55.22999954223633,54.96500015258789,55.06999969482422,54.69790267944336,4217500,JEPI
741,2023-05-02,55.040000915527344,55.04999923706055,54.36000061035156,54.7599983215332,54.38999557495117,5161700,JEPI
742,2023-05-03,54.790000915527344,54.880001068115234,54.36000061035156,54.400001525878906,54.032432556152344,4841000,JEPI
743,2023-05-04,54.36000061035156,54.400001525878906,53.939998626708984,54.13999938964844,53.77418899536133,4792300,JEPI
744,2023-05-05,54.40999984741211,54.79999923706055,54.39899826049805,54.720001220703125,54.35026931762695,4466500,JEPI
745,2023-05-08,54.810001373291016,54.810001373291016,54.560001373291016,54.70000076293945,54.330406188964844,3708300,JEPI
746,2023-05-09,54.58000183105469,54.65999984741211,54.459999084472656,54.54999923706055,54.18141555786133,3322500,JEPI
747,2023-05-10,54.79999923706055,54.869998931884766,54.31999969482422,54.68000030517578,54.31053924560547,3639400,JEPI
748,2023-05-11,54.63999938964844,54.65999984741211,54.380001068115234,54.61000061035156,54.24101257324219,3383600,JEPI
749,2023-05-12,54.7400016784668,54.79999923706055,54.404998779296875,54.63999938964844,54.270809173583984,3240900,JEPI
750,2023-05-15,54.72999954223633,54.7400016784668,54.5,54.709999084472656,54.340335845947266,3311300,JEPI
751,2023-05-16,54.650001525878906,54.650001525878906,54.2599983215332,54.2599983215332,53.893375396728516,7855100,JEPI
752,2023-05-17,54.47999954223633,54.7400016784668,54.28300094604492,54.70000076293945,54.330406188964844,6800700,JEPI
753,2023-05-18,54.65999984741211,54.849998474121094,54.5099983215332,54.84000015258789,54.469459533691406,4526300,JEPI
754,2023-05-19,54.95000076293945,55.02899932861328,54.75,54.880001068115234,54.50918960571289,6986400,JEPI
755,2023-05-22,54.959999084472656,55.060001373291016,54.72200012207031,54.77000045776367,54.399932861328125,4157200,JEPI
756,2023-05-23,54.689998626708984,54.70000076293945,54.2400016784668,54.31999969482422,53.952972412109375,5497700,JEPI
757,2023-05-24,54.18000030517578,54.189998626708984,53.78499984741211,53.849998474121094,53.48614501953125,5310600,JEPI
758,2023-05-25,53.869998931884766,53.9900016784668,53.654998779296875,53.88999938964844,53.525875091552734,5108000,JEPI
759,2023-05-26,54.0,54.27899932861328,53.959999084472656,54.13999938964844,53.77418899536133,4661900,JEPI
760,2023-05-30,54.27000045776367,54.27000045776367,53.93000030517578,54.04999923706055,53.68479537963867,5850200,JEPI
761,2023-05-31,53.970001220703125,54.150001525878906,53.81999969482422,54.02000045776367,53.654998779296875,5734500,JEPI
762,2023-06-01,53.779998779296875,53.9900016784668,53.58000183105469,53.91999816894531,53.91999816894531,4999500,JEPI
763,2023-06-02,54.06999969482422,54.400001525878906,54.02000045776367,54.369998931884766,54.369998931884766,5164900,JEPI
764,2023-06-05,54.380001068115234,54.44499969482422,54.27000045776367,54.40999984741211,54.40999984741211,5505600,JEPI
765,2023-06-06,54.400001525878906,54.40999984741211,54.20000076293945,54.29999923706055,54.29999923706055,4366800,JEPI
766,2023-06-07,54.290000915527344,54.44499969482422,54.18000030517578,54.40999984741211,54.40999984741211,4669400,JEPI
767,2023-06-08,54.43000030517578,54.529998779296875,54.36000061035156,54.5099983215332,54.5099983215332,3447400,JEPI
768,2023-06-09,54.5,54.540000915527344,54.38999938964844,54.439998626708984,54.439998626708984,6439600,JEPI
769,2023-06-12,54.5099983215332,54.540000915527344,54.40999984741211,54.52000045776367,54.52000045776367,4094700,JEPI
770,2023-06-13,54.599998474121094,54.630001068115234,54.470001220703125,54.61000061035156,54.61000061035156,4313300,JEPI
771,2023-06-14,54.61000061035156,54.650001525878906,54.470001220703125,54.5099983215332,54.5099983215332,4593300,JEPI
772,2023-06-15,54.56999969482422,54.849998474121094,54.54999923706055,54.79999923706055,54.79999923706055,4341800,JEPI
773,2023-06-16,54.856998443603516,54.97999954223633,54.84000015258789,54.849998474121094,54.849998474121094,3556000,JEPI
