,date,open,high,low,close,adjclose,volume
0,2021-10-20,42.220001220703125,43.95000076293945,42.099998474121094,43.279998779296875,22.326589584350586,29871900
1,2021-10-21,42.650001525878906,42.790000915527344,40.40999984741211,40.83000183105469,21.062721252441406,20499700
2,2021-10-22,41.2599983215332,41.303001403808594,38.900001525878906,39.5099983215332,20.38178253173828,11914400
3,2021-10-25,40.90999984741211,41.308998107910156,40.529998779296875,40.58000183105469,20.93375015258789,7522900
4,2021-10-26,40.45000076293945,40.650001525878906,39.9900016784668,40.060001373291016,20.665508270263672,6142400
5,2021-10-27,38.06999969482422,38.345001220703125,37.5,38.060001373291016,19.633779525756836,6527000
6,2021-10-28,39.689998626708984,39.882999420166016,37.34000015258789,39.56999969482422,20.41273307800293,7176600
7,2021-10-29,39.439998626708984,40.720001220703125,39.345001220703125,40.38999938964844,20.835737228393555,7049000
8,2021-11-01,39.880001068115234,40.04999923706055,38.619998931884766,39.529998779296875,20.3920955657959,6042100
9,2021-11-02,40.75,41.41999816894531,40.56999969482422,40.97999954223633,21.14010238647461,6106400
10,2021-11-03,40.16999816894531,40.7599983215332,39.11000061035156,40.400001525878906,20.840900421142578,5160000
11,2021-11-04,39.82500076293945,40.20000076293945,38.959999084472656,39.29999923706055,20.27344512939453,4282300
12,2021-11-05,39.61000061035156,39.849998474121094,39.02000045776367,39.2599983215332,20.2528133392334,3022000
13,2021-11-08,42.150001525878906,42.91999816894531,41.970001220703125,42.560001373291016,21.955162048339844,8171800
14,2021-11-09,43.689998626708984,43.849998474121094,42.54999923706055,43.31999969482422,22.34722328186035,7763000
15,2021-11-10,43.91999816894531,44.290000915527344,41.84000015258789,42.310001373291016,21.826200485229492,9954400
16,2021-11-11,41.56999969482422,42.1349983215332,41.45000076293945,41.619998931884766,21.47025489807129,3247200
17,2021-11-12,40.880001068115234,41.290000915527344,39.95000076293945,41.119998931884766,21.212324142456055,7672600
18,2021-11-15,41.790000915527344,41.86000061035156,40.72999954223633,40.88999938964844,21.093669891357422,6204300
19,2021-11-16,38.91999816894531,39.36000061035156,37.90999984741211,38.220001220703125,19.71631622314453,8119300
20,2021-11-17,38.63999938964844,38.88999938964844,38.0260009765625,38.689998626708984,19.958770751953125,7245800
21,2021-11-18,37.810001373291016,38.0,36.2599983215332,37.11000061035156,19.143707275390625,11930400
22,2021-11-19,37.0,37.38999938964844,36.90999984741211,37.0099983215332,19.092117309570312,6827900
23,2021-11-22,37.345001220703125,37.470001220703125,35.61000061035156,35.689998626708984,18.411178588867188,10940500
24,2021-11-23,36.47999954223633,37.04999923706055,36.209999084472656,37.0099983215332,19.092117309570312,6421000
25,2021-11-24,35.83000183105469,36.70000076293945,35.720001220703125,36.689998626708984,18.927047729492188,5460200
26,2021-11-26,34.79999923706055,34.880001068115234,34.31999969482422,34.439998626708984,17.76634979248047,5211600
27,2021-11-29,36.5,37.58700180053711,36.209999084472656,37.06999969482422,19.12306785583496,6690000
28,2021-11-30,37.26100158691406,37.849998474121094,35.97999954223633,36.59000015258789,18.875459671020508,6746800
29,2021-12-01,37.34000015258789,37.720001220703125,36.02000045776367,36.08000183105469,18.612369537353516,6683000
30,2021-12-02,35.970001220703125,36.58000183105469,35.61000061035156,36.290000915527344,18.720699310302734,4670600
31,2021-12-03,36.060001373291016,36.119998931884766,32.689998626708984,33.88999938964844,17.482624053955078,14049100
32,2021-12-06,30.709999084472656,31.43000030517578,30.34000015258789,31.049999237060547,16.01757049560547,8017300
33,2021-12-07,32.439998626708984,33.08000183105469,31.920000076293945,32.130001068115234,16.574705123901367,5064600
34,2021-12-08,31.950000762939453,32.54999923706055,31.665000915527344,32.25,16.636608123779297,6224900
35,2021-12-09,31.15999984741211,31.190000534057617,30.0,30.209999084472656,15.584245681762695,7156600
36,2021-12-10,31.469999313354492,31.579999923706055,30.010000228881836,30.75,15.862812995910645,8618700
37,2021-12-13,30.350000381469727,30.43000030517578,28.969999313354492,29.559999465942383,15.24893569946289,9171400
38,2021-12-14,29.739999771118164,30.3700008392334,29.43199920654297,30.31999969482422,15.6409912109375,7042600
39,2021-12-15,30.239999771118164,31.420000076293945,29.510000228881836,31.25,16.120744705200195,9616800
40,2021-12-16,30.889999389648438,31.020000457763672,30.1299991607666,30.360000610351562,15.66162395477295,5015400
41,2021-12-17,29.530000686645508,30.020000457763672,28.780000686645508,29.290000915527344,15.109649658203125,6895200
42,2021-12-20,28.979999542236328,29.940000534057617,28.829999923706055,29.780000686645508,15.362425804138184,4705400
43,2021-12-21,30.850000381469727,31.020000457763672,30.621999740600586,30.84000015258789,15.909244537353516,3273900
44,2021-12-22,30.90999984741211,31.225000381469727,30.729999542236328,31.09000015258789,16.038204193115234,3629600
45,2021-12-23,30.780000686645508,32.59000015258789,30.719999313354492,32.34000015258789,16.68303680419922,5727700
46,2021-12-27,32.4900016784668,33.040000915527344,32.27000045776367,32.459999084472656,16.74493980407715,4773700
47,2021-12-28,31.059999465942383,31.15999984741211,29.93899917602539,30.239999771118164,15.599723815917969,7170700
48,2021-12-29,29.989999771118164,30.40999984741211,29.709999084472656,29.889999389648438,15.419168472290039,4398600
49,2021-12-30,29.829999923706055,30.28499984741211,29.739999771118164,29.809999465942383,15.377896308898926,4659800
50,2021-12-31,30.360000610351562,30.469999313354492,28.850000381469727,28.899999618530273,14.908467292785645,5522200
51,2022-01-03,29.75,29.8700008392334,28.81999969482422,28.950000762939453,14.934257507324219,5205600
52,2022-01-04,29.670000076293945,30.06999969482422,28.700000762939453,29.219999313354492,15.073539733886719,6253900
53,2022-01-05,29.260000228881836,29.56999969482422,27.513999938964844,27.639999389648438,14.258477210998535,10718700
54,2022-01-06,27.0,27.479999542236328,26.799999237060547,27.280000686645508,14.07276439666748,6675300
55,2022-01-07,26.3799991607666,26.600000381469727,25.549999237060547,26.40999984741211,13.623963356018066,9618100
56,2022-01-10,25.079999923706055,26.530000686645508,24.8799991607666,26.309999465942383,13.572376251220703,12742500
57,2022-01-11,26.09000015258789,27.219999313354492,25.989999771118164,27.010000228881836,13.933483123779297,8372200
58,2022-01-12,27.65999984741211,27.764999389648438,27.31999969482422,27.6200008392334,14.248157501220703,6993300
59,2022-01-13,27.920000076293945,28.020000457763672,26.639999389648438,26.959999084472656,13.907687187194824,6406900
60,2022-01-14,26.649999618530273,27.3799991607666,26.540000915527344,27.170000076293945,14.01601791381836,7138100
61,2022-01-18,26.139999389648438,26.360000610351562,25.969999313354492,26.280000686645508,13.556902885437012,5490100
62,2022-01-19,26.59000015258789,26.860000610351562,26.1200008392334,26.200000762939453,13.515629768371582,5608600
63,2022-01-20,26.739999771118164,27.43000030517578,26.719999313354492,26.899999618530273,13.876740455627441,8127200
64,2022-01-21,24.280000686645508,24.584999084472656,23.639999389648438,24.100000381469727,12.432317733764648,14546700
65,2022-01-24,21.170000076293945,23.65999984741211,20.902000427246094,23.479999542236328,12.112482070922852,19580500
66,2022-01-25,23.100000381469727,23.670000076293945,22.649999618530273,23.219999313354492,11.97835922241211,14666800
67,2022-01-26,24.209999084472656,24.479999542236328,23.079999923706055,23.25,11.993834495544434,16864700
68,2022-01-27,23.219999313354492,23.420000076293945,22.309999465942383,22.309999465942383,11.508922576904297,10216500
69,2022-01-28,23.329999923706055,23.81999969482422,23.0049991607666,23.770000457763672,12.262083053588867,8518700
70,2022-01-31,23.479999542236328,24.389999389648438,23.389999389648438,24.15999984741211,12.463269233703613,5328500
71,2022-02-01,24.479999542236328,24.704999923706055,24.0,24.200000762939453,12.483904838562012,5361600
72,2022-02-02,24.1200008392334,24.1299991607666,23.260000228881836,23.579999923706055,12.164067268371582,4222400
73,2022-02-03,22.959999084472656,23.325000762939453,22.770000457763672,22.84000015258789,11.782330513000488,3561700
74,2022-02-04,23.760000228881836,25.739999771118164,23.579999923706055,25.559999465942383,13.185479164123535,13078400
75,2022-02-07,27.010000228881836,28.049999237060547,26.889999389648438,27.829999923706055,14.356490135192871,10917000
76,2022-02-08,27.440000534057617,27.920000076293945,26.8799991607666,27.920000076293945,14.402918815612793,4576000
77,2022-02-09,27.760000228881836,28.229999542236328,27.5,28.229999542236328,14.56283187866211,3774400
78,2022-02-10,27.3799991607666,28.84000015258789,27.3799991607666,27.739999771118164,14.310059547424316,11501800
79,2022-02-11,27.420000076293945,27.66699981689453,26.43000030517578,26.649999618530273,13.747770309448242,10060500
80,2022-02-14,26.860000610351562,26.969999313354492,26.280000686645508,26.530000686645508,13.685869216918945,5875500
81,2022-02-15,27.8799991607666,28.040000915527344,27.579999923706055,27.799999237060547,14.34101390838623,3897500
82,2022-02-16,27.459999084472656,27.93000030517578,27.239999771118164,27.760000228881836,14.320381164550781,4197600
83,2022-02-17,26.469999313354492,26.579999923706055,25.639999389648438,25.700000762939453,13.25770092010498,7666000
84,2022-02-18,25.3700008392334,25.6299991607666,24.790000915527344,25.110000610351562,12.953341484069824,9924100
85,2022-02-22,23.549999237060547,24.079999923706055,23.469999313354492,23.790000915527344,12.27239990234375,6807300
86,2022-02-23,24.43000030517578,24.5049991607666,23.424999237060547,23.610000610351562,12.179545402526855,8870500
87,2022-02-24,22.13599967956543,24.940000534057617,22.079999923706055,24.059999465942383,12.411681175231934,16154000
88,2022-02-25,24.65999984741211,24.858999252319336,24.170000076293945,24.530000686645508,12.654138565063477,7294900
89,2022-02-28,24.489999771118164,26.3799991607666,24.479999542236328,26.3799991607666,13.608489036560059,13625700
90,2022-03-01,27.961999893188477,28.020000457763672,27.149999618530273,27.780000686645508,14.330694198608398,11998800
91,2022-03-02,27.549999237060547,28.520000457763672,27.299999237060547,27.579999923706055,14.227523803710938,7551100
92,2022-03-03,27.559999465942383,27.639999389648438,26.260000228881836,26.40999984741211,13.623963356018066,11761100
93,2022-03-04,25.959999084472656,26.06999969482422,24.510000228881836,24.780000686645508,12.783106803894043,8665200
94,2022-03-07,24.56999969482422,24.799999237060547,23.31999969482422,23.559999465942383,12.1537504196167,9189100
95,2022-03-08,24.299999237060547,24.719999313354492,23.93000030517578,24.149999618530273,12.458112716674805,7486100
96,2022-03-09,26.479999542236328,26.790000915527344,26.219999313354492,26.31999969482422,13.577532768249512,7202600
97,2022-03-10,24.530000686645508,24.950000762939453,24.350000381469727,24.860000610351562,12.824373245239258,4262700
98,2022-03-11,24.799999237060547,24.8700008392334,23.979999542236328,24.020000457763672,12.3910493850708,4508100
99,2022-03-14,24.31999969482422,24.59000015258789,24.09000015258789,24.31999969482422,12.545809745788574,3494200
100,2022-03-15,24.350000381469727,25.010000228881836,24.139999389648438,24.950000762939453,12.870803833007812,5141500
101,2022-03-16,25.360000610351562,25.8700008392334,24.65999984741211,25.65999984741211,13.237064361572266,7204500
102,2022-03-17,25.700000762939453,25.860000610351562,25.469999313354492,25.649999618530273,13.23190689086914,2516200
103,2022-03-18,25.399999618530273,26.440000534057617,25.290000915527344,26.43000030517578,13.634279251098633,5578200
104,2022-03-21,25.969999313354492,26.079999923706055,25.530000686645508,25.850000381469727,13.335078239440918,4770000
105,2022-03-22,26.93000030517578,27.18000030517578,26.540000915527344,26.579999923706055,13.711661338806152,5701900
106,2022-03-23,26.540000915527344,26.8700008392334,26.309999465942383,26.5,13.670392990112305,5161100
107,2022-03-24,26.90999984741211,27.850000381469727,26.770000457763672,27.6299991607666,14.253315925598145,7568000
108,2022-03-25,28.20800018310547,28.386999130249023,27.6299991607666,27.940000534057617,14.413236618041992,9335800
109,2022-03-28,29.799999237060547,30.295000076293945,29.704999923706055,30.1299991607666,15.54297924041748,6759100
110,2022-03-29,30.040000915527344,30.21500015258789,29.610000610351562,29.979999542236328,15.465594291687012,5306600
111,2022-03-30,29.610000610351562,30.0,29.364999771118164,29.5,15.21798324584961,4069100
112,2022-03-31,29.649999618530273,29.649999618530273,28.530000686645508,28.559999465942383,14.733070373535156,5067200
113,2022-04-01,28.440000534057617,29.327999114990234,28.360000610351562,29.110000610351562,15.01679515838623,7977300
114,2022-04-04,28.841999053955078,29.049999237060547,28.239999771118164,28.780000686645508,14.84656047821045,3693200
115,2022-04-05,29.1299991607666,29.200000762939453,28.454999923706055,28.84000015258789,14.877511978149414,4097500
116,2022-04-06,28.110000610351562,28.135000228881836,26.950000762939453,27.34000015258789,14.103716850280762,7099400
117,2022-04-07,27.1200008392334,27.399999618530273,26.889999389648438,27.06999969482422,13.964432716369629,4540100
118,2022-04-08,26.770000457763672,27.540000915527344,26.5,26.68000030517578,13.763246536254883,5543400
119,2022-04-11,25.56999969482422,25.7549991607666,24.829999923706055,24.90999984741211,12.850167274475098,4800700
120,2022-04-12,25.309999465942383,25.322999954223633,24.479999542236328,24.489999771118164,12.633505821228027,4285900
121,2022-04-13,24.836999893188477,25.959999084472656,24.799999237060547,25.670000076293945,13.24222469329834,5109200
122,2022-04-14,25.729999542236328,25.809999465942383,24.719999313354492,24.8799991607666,12.834692001342773,5129400
123,2022-04-18,24.6200008392334,25.670000076293945,24.3799991607666,25.389999389648438,13.097780227661133,6876800
124,2022-04-19,25.59000015258789,26.110000610351562,25.540000915527344,25.93000030517578,13.376348495483398,3554400
125,2022-04-20,26.299999237060547,26.329999923706055,25.514999389648438,25.739999771118164,13.278334617614746,5789800
126,2022-04-21,26.780000686645508,26.8700008392334,25.729999542236328,25.739999771118164,13.278334617614746,4859400
127,2022-04-22,25.25,25.364999771118164,24.44499969482422,24.6299991607666,12.70572566986084,5635700
128,2022-04-25,24.190000534057617,25.219999313354492,24.104999542236328,25.100000381469727,12.94818115234375,7760800
129,2022-04-26,25.100000381469727,25.1200008392334,23.594999313354492,23.860000610351562,12.308512687683105,7539700
130,2022-04-27,24.31999969482422,24.649999618530273,23.969999313354492,24.229999542236328,12.499381065368652,4498900
131,2022-04-28,24.600000381469727,25.239999771118164,24.25,24.940000534057617,12.865643501281738,7616600
132,2022-04-29,24.329999923706055,24.56999969482422,23.760000228881836,23.84000015258789,12.29819393157959,5787100
133,2022-05-02,24.18000030517578,24.389999389648438,23.684999465942383,24.0,12.380730628967285,6414300
134,2022-05-03,23.899999618530273,23.959999084472656,23.309999465942383,23.43000030517578,12.086691856384277,5523000
135,2022-05-04,24.34000015258789,24.969999313354492,24.040000915527344,24.8700008392334,12.8295316696167,6639500
136,2022-05-05,24.56999969482422,24.56999969482422,22.1200008392334,22.610000610351562,11.663681983947754,11554300
137,2022-05-06,22.360000610351562,22.639999389648438,21.93000030517578,22.389999389648438,11.550189018249512,5444200
138,2022-05-09,20.360000610351562,20.790000915527344,18.8700008392334,19.229999542236328,9.920059204101562,12472900
139,2022-05-10,19.979999542236328,20.139999389648438,19.15999984741211,19.440000534057617,10.028392791748047,7176500
140,2022-05-11,18.530000686645508,19.8799991607666,18.100000381469727,18.18000030517578,9.378403663635254,14410900
141,2022-05-12,17.700000762939453,18.545000076293945,17.226999282836914,17.709999084472656,9.13594913482666,19023600
142,2022-05-13,19.010000228881836,19.290000915527344,18.260000228881836,18.68000030517578,9.636337280273438,7862700
143,2022-05-16,18.559999465942383,18.6200008392334,18.059999465942383,18.31999969482422,9.450626373291016,4154800
144,2022-05-17,19.0,19.1299991607666,18.309999465942383,18.670000076293945,9.631179809570312,6501100
145,2022-05-18,18.299999237060547,18.385000228881836,17.81999969482422,18.1299991607666,9.352611541748047,5417400
146,2022-05-19,18.420000076293945,18.979999542236328,18.229999542236328,18.6200008392334,9.605384826660156,5605800
147,2022-05-20,18.829999923706055,18.899999618530273,17.809999465942383,18.190000534057617,9.383563041687012,5739500
148,2022-05-23,18.920000076293945,19.0,18.040000915527344,18.040000915527344,9.306184768676758,5331600
149,2022-05-24,18.170000076293945,18.399999618530273,17.770000457763672,18.219999313354492,9.399038314819336,8812000
150,2022-05-25,18.290000915527344,18.670000076293945,18.239999771118164,18.350000381469727,9.466100692749023,6188500
151,2022-05-26,17.489999771118164,18.520000457763672,17.479999542236328,18.229999542236328,9.404196739196777,9657000
152,2022-05-27,18.1200008392334,18.25,17.485000610351562,17.889999389648438,9.228802680969238,12572700
153,2022-05-31,19.780000686645508,20.165000915527344,19.389999389648438,19.6299991607666,10.1264066696167,9464400
154,2022-06-01,19.799999237060547,19.829999923706055,18.540000915527344,18.649999618530273,9.620858192443848,6636000
155,2022-06-02,18.510000228881836,18.90999984741211,18.440000534057617,18.809999465942383,9.703399658203125,6050300
156,2022-06-03,18.34000015258789,18.459999084472656,18.1299991607666,18.34000015258789,9.460944175720215,4776300
157,2022-06-06,19.540000915527344,19.759000778198242,19.290000915527344,19.559999465942383,10.090295791625977,6424500
158,2022-06-07,18.34000015258789,19.5,18.235000610351562,19.290000915527344,9.951014518737793,7038300
159,2022-06-08,18.850000381469727,19.155000686645508,18.540000915527344,18.68000030517578,9.636337280273438,5410600
160,2022-06-09,18.709999084472656,18.899999618530273,18.549999237060547,18.59000015258789,9.589906692504883,2847600
161,2022-06-10,18.229999542236328,18.388999938964844,17.840999603271484,17.950000762939453,9.259757041931152,5387900
162,2022-06-13,14.5,15.020000457763672,14.0,14.319999694824219,7.387171268463135,22112200
163,2022-06-14,13.949999809265137,14.130000114440918,13.635000228881836,13.729999542236328,7.082809925079346,15399600
164,2022-06-15,13.260000228881836,13.899999618530273,12.550000190734863,13.399999618530273,6.9125752449035645,25624700
165,2022-06-16,13.180000305175781,13.295000076293945,12.829999923706055,12.920000076293945,6.664962291717529,14511800
166,2022-06-17,12.779999732971191,12.958999633789062,12.600000381469727,12.720000267028809,6.561789035797119,11869700
167,2022-06-21,13.119999885559082,13.475000381469727,12.920000076293945,12.949999809265137,6.680436134338379,12501600
168,2022-06-22,12.739999771118164,12.9399995803833,12.260000228881836,12.470000267028809,6.432821750640869,9795800
169,2022-06-23,12.720000267028809,12.970000267028809,12.460000038146973,12.949999809265137,6.680436134338379,8418600
170,2022-06-24,13.15999984741211,13.260000228881836,12.869999885559082,13.15999984741211,6.788766384124756,7994600
171,2022-06-27,13.149999618530273,13.149999618530273,12.630000114440918,12.869999885559082,6.639167308807373,8145500
172,2022-06-28,13.0,13.0600004196167,12.449999809265137,12.470000267028809,6.432821750640869,6626800
173,2022-06-29,12.420000076293945,12.529999732971191,12.265000343322754,12.479999542236328,6.4379801750183105,7697400
174,2022-06-30,11.859999656677246,11.890000343322754,11.555000305175781,11.609999656677246,5.989179611206055,9600800
175,2022-07-01,11.890000343322754,12.140000343322754,11.850000381469727,11.960000038146973,6.169731616973877,8620300
176,2022-07-05,11.949999809265137,12.670000076293945,11.899999618530273,12.630000114440918,6.515360355377197,10137000
177,2022-07-06,12.479999542236328,12.65999984741211,12.380000114440918,12.5600004196167,6.479250431060791,5514900
178,2022-07-07,12.609999656677246,13.539999961853027,12.579999923706055,13.529999732971191,6.979637145996094,9052100
179,2022-07-08,13.199999809265137,13.6850004196167,13.09000015258789,13.479999542236328,6.953843593597412,8833200
180,2022-07-11,12.699999809265137,12.8100004196167,12.494999885559082,12.65999984741211,6.53083610534668,5615300
181,2022-07-12,12.279999732971191,12.369999885559082,11.880000114440918,11.949999809265137,6.164573669433594,7931900
182,2022-07-13,11.729999542236328,12.359999656677246,11.670000076293945,12.119999885559082,6.2522687911987305,8055700
183,2022-07-14,12.170000076293945,12.90999984741211,12.111000061035156,12.75,6.577264308929443,6980700
184,2022-07-15,12.960000038146973,13.100000381469727,12.770000457763672,13.100000381469727,6.757814884185791,7756300
185,2022-07-18,13.75,14.100000381469727,13.220000267028809,13.369999885559082,6.897099494934082,10495600
186,2022-07-19,13.8100004196167,14.65999984741211,13.630000114440918,14.510000228881836,7.485183238983154,15314400
187,2022-07-20,14.779999732971191,15.024999618530273,14.489999771118164,14.640000343322754,7.552247047424316,13783100
188,2022-07-21,14.050000190734863,14.390000343322754,13.819999694824219,14.390000343322754,7.423280239105225,8760600
189,2022-07-22,14.600000381469727,14.71500015258789,13.9399995803833,13.979999542236328,7.2117767333984375,7252400
190,2022-07-25,13.550000190734863,13.619000434875488,13.329999923706055,13.539999961853027,6.984796047210693,5558200
191,2022-07-26,12.9399995803833,13.029999732971191,12.800000190734863,12.920000076293945,6.664962291717529,5246300
192,2022-07-27,13.15999984741211,14.289999961853027,13.15999984741211,14.119999885559082,7.283998966217041,9390000
193,2022-07-28,14.319999694824219,14.949999809265137,14.074999809265137,14.789999961853027,7.6296257972717285,7459400
194,2022-07-29,14.649999618530273,15.029999732971191,14.529999732971191,14.829999923706055,7.6502604484558105,9461900
195,2022-08-01,14.295000076293945,14.550000190734863,14.135000228881836,14.210000038146973,7.330424785614014,6753600
196,2022-08-02,14.079999923706055,14.5,14.010000228881836,14.1899995803833,7.320107460021973,6166700
197,2022-08-03,14.380000114440918,14.59000015258789,14.345000267028809,14.529999732971191,7.495501518249512,6352500
198,2022-08-04,14.170000076293945,14.319999694824219,13.824999809265137,13.829999923706055,7.134397029876709,7663700
199,2022-08-05,14.229999542236328,14.449999809265137,14.039999961853027,14.170000076293945,7.309790134429932,9272600
200,2022-08-08,14.869999885559082,15.020000457763672,14.710000038146973,14.789999961853027,7.6296257972717285,7767000
201,2022-08-09,14.369999885559082,14.399999618530273,14.100000381469727,14.229999542236328,7.3407416343688965,2985900
202,2022-08-10,14.920000076293945,14.949999809265137,14.520000457763672,14.600000381469727,7.531612396240234,7315000
203,2022-08-11,15.220000267028809,15.40999984741211,14.869999885559082,14.979999542236328,7.727640151977539,7223200
204,2022-08-12,14.699999809265137,14.989999771118164,14.625,14.960000038146973,7.71732234954834,5128500
205,2022-08-15,14.890000343322754,14.989999771118164,14.78499984741211,14.800000190734863,7.63478422164917,3481500
206,2022-08-16,14.760000228881836,14.84000015258789,14.569999694824219,14.770000457763672,7.6193084716796875,3629200
207,2022-08-17,14.569999694824219,14.595000267028809,14.289999961853027,14.3100004196167,7.3820109367370605,5922600
208,2022-08-18,14.489999771118164,14.489999771118164,14.3100004196167,14.390000343322754,7.423280239105225,2519000
209,2022-08-19,13.229999542236328,13.300000190734863,12.975000381469727,13.079999923706055,6.747499465942383,6517700
210,2022-08-22,13.010000228881836,13.210000038146973,12.869999885559082,12.930000305175781,6.670119285583496,3922700
211,2022-08-23,13.180000305175781,13.350000381469727,13.133000373840332,13.25,6.835196495056152,3656800
212,2022-08-24,13.170000076293945,13.460000038146973,13.119999885559082,13.350000381469727,6.886782169342041,2838000
213,2022-08-25,13.260000228881836,13.369999885559082,13.130000114440918,13.239999771118164,6.830036163330078,3280000
214,2022-08-26,13.380000114440918,13.399999618530273,12.515000343322754,12.59000015258789,6.494725704193115,10825900
215,2022-08-29,12.239999771118164,12.515000343322754,12.210000038146973,12.319999694824219,6.355441570281982,4878100
216,2022-08-30,12.470000267028809,12.550000190734863,11.920000076293945,12.180000305175781,6.28322172164917,5602100
217,2022-08-31,12.4399995803833,12.529999732971191,12.140000343322754,12.359999656677246,6.376077175140381,4224900
218,2022-09-01,12.210000038146973,12.270000457763672,11.90999984741211,12.149999618530273,6.267745018005371,5542900
219,2022-09-02,12.489999771118164,12.5600004196167,12.050000190734863,12.180000305175781,6.28322172164917,7435300
220,2022-09-06,12.15999984741211,12.1899995803833,11.449999809265137,11.470000267028809,5.916957378387451,12062400
221,2022-09-07,11.529999732971191,11.779999732971191,11.510000228881836,11.65999984741211,6.0149712562561035,5835800
222,2022-09-08,11.710000038146973,11.899999618530273,11.675000190734863,11.899999618530273,6.138780117034912,6591600
223,2022-09-09,12.899999618530273,13.234999656677246,12.890000343322754,13.170000076293945,6.79392671585083,8431300
224,2022-09-12,13.789999961853027,13.888999938964844,13.59000015258789,13.850000381469727,7.144714832305908,6944700
225,2022-09-13,13.149999618530273,13.255999565124512,12.354999542236328,12.489999771118164,6.443139553070068,8162200
226,2022-09-14,12.520000457763672,12.529999732971191,12.074999809265137,12.279999732971191,6.3348069190979,6898100
227,2022-09-15,12.3100004196167,12.420000076293945,11.989999771118164,12.15999984741211,6.272904872894287,5018500
228,2022-09-16,12.15999984741211,12.170000076293945,11.875,12.0600004196167,6.221319198608398,6223100
229,2022-09-19,11.529999732971191,12.039999961853027,11.529999732971191,12.0,6.190365314483643,6703600
230,2022-09-20,11.619999885559082,11.875,11.515000343322754,11.649999618530273,6.009814739227295,5089600
231,2022-09-21,11.869999885559082,12.239999771118164,11.510000228881836,11.670000076293945,6.020132064819336,11488300
232,2022-09-22,11.760000228881836,11.994999885559082,11.539999961853027,11.869999885559082,6.1233038902282715,7995700
233,2022-09-23,11.6899995803833,11.704999923706055,11.369999885559082,11.550000190734863,5.958227634429932,8582800
234,2022-09-26,11.720000267028809,11.875,11.65999984741211,11.8100004196167,6.09235143661499,4661100
235,2022-09-27,12.399999618530273,12.53499984741211,11.5649995803833,11.739999771118164,6.056241035461426,7444600
236,2022-09-28,11.789999961853027,12.119999885559082,11.710000038146973,12.050000190734863,6.216158866882324,8103600
237,2022-09-29,11.869999885559082,12.09000015258789,11.569999694824219,11.960000038146973,6.169731616973877,4890800
238,2022-09-30,11.835000038146973,12.449999809265137,11.824999809265137,11.989999771118164,6.185205936431885,8115300
239,2022-10-03,11.84000015258789,12.140000343322754,11.739999771118164,12.0600004196167,6.221319198608398,9041800
240,2022-10-04,12.34000015258789,12.539999961853027,12.27299976348877,12.520000457763672,6.458616733551025,8210000
241,2022-10-05,12.300000190734863,12.579999923706055,12.180000305175781,12.40999984741211,6.401870250701904,5885700
242,2022-10-06,12.40999984741211,12.5600004196167,12.25100040435791,12.350000381469727,6.370918273925781,6864900
243,2022-10-07,12.100000381469727,12.128999710083008,11.885000228881836,11.960000038146973,6.169731616973877,7260800
244,2022-10-10,11.930000305175781,11.944999694824219,11.734000205993652,11.789999961853027,6.082033634185791,3118800
245,2022-10-11,11.739999771118164,11.805000305175781,11.569999694824219,11.65999984741211,6.0149712562561035,4904500
246,2022-10-12,11.729999542236328,11.800000190734863,11.692000389099121,11.770000457763672,6.071716785430908,2587000
247,2022-10-13,11.204999923706055,12.039999961853027,11.180000305175781,11.949999809265137,6.164573669433594,13273000
248,2022-10-14,12.140000343322754,12.1899995803833,11.770000457763672,11.800000190734863,6.087193012237549,8380900
249,2022-10-17,12.069999694824219,12.140000343322754,11.970000267028809,12.050000190734863,6.216158866882324,4210400
250,2022-10-18,12.119999885559082,12.149999618530273,11.75,11.84000015258789,6.107827663421631,4789400
251,2022-10-19,11.8100004196167,11.890999794006348,11.739999771118164,11.84000015258789,6.107827663421631,2208300
252,2022-10-20,11.789999961853027,11.930000305175781,11.670000076293945,11.739999771118164,6.056241035461426,3865900
253,2022-10-21,11.680000305175781,11.875,11.625,11.84000015258789,6.107827663421631,6820000
254,2022-10-24,11.930000305175781,11.989999771118164,11.800000190734863,11.9399995803833,6.159414768218994,4297400
255,2022-10-25,11.9399995803833,12.619999885559082,11.9399995803833,12.539999961853027,6.468932151794434,13740000
256,2022-10-26,12.633000373840332,12.994999885559082,12.5649995803833,12.84000015258789,6.623690605163574,12256200
257,2022-10-27,12.829999923706055,12.845000267028809,12.640000343322754,12.789999961853027,6.597898006439209,6647400
258,2022-10-28,12.569999694824219,12.835000038146973,12.555000305175781,12.739999771118164,6.572105884552002,8205800
259,2022-10-31,12.760000228881836,12.800000190734863,12.470000267028809,12.569999694824219,6.484409332275391,4302100
260,2022-11-01,12.65999984741211,12.680000305175781,12.529000282287598,12.630000114440918,6.515360355377197,2309400
261,2022-11-02,12.600000381469727,12.868000030517578,12.390000343322754,12.470000267028809,6.432821750640869,7493800
262,2022-11-03,12.420000076293945,12.5600004196167,12.380000114440918,12.5,6.448296546936035,5400100
263,2022-11-04,12.890000343322754,13.199000358581543,12.770000457763672,13.0600004196167,6.737183094024658,11666600
264,2022-11-07,12.800000190734863,12.90999984741211,12.739999771118164,12.850000381469727,6.62885046005249,4578100
265,2022-11-08,12.079000473022461,12.75,10.390000343322754,11.130000114440918,5.741565704345703,49341600
266,2022-11-09,10.682000160217285,10.899999618530273,9.604999542236328,9.65999984741211,4.983244895935059,39911000
267,2022-11-10,10.279999732971191,11.010000228881836,9.96500015258789,10.859999656677246,5.602280616760254,36835100
268,2022-11-11,9.739999771118164,10.210000038146973,9.680000305175781,9.779999732971191,5.045147895812988,22101400
269,2022-11-14,9.989999771118164,10.0600004196167,9.744999885559082,9.8100004196167,5.060624122619629,13114100
270,2022-11-15,10.229999542236328,10.375,10.052000045776367,10.270000457763672,5.297921657562256,12253200
271,2022-11-16,9.98900032043457,10.038000106811523,9.84000015258789,10.0,5.158638000488281,7926700
272,2022-11-17,9.960000038146973,10.204999923706055,9.960000038146973,10.15999984741211,5.241176605224609,6090700
273,2022-11-18,10.210000038146973,10.220000267028809,10.045000076293945,10.140000343322754,5.230859756469727,5497500
274,2022-11-21,9.869999885559082,10.010000228881836,9.479999542236328,9.59000015258789,4.9471354484558105,11553000
275,2022-11-22,9.760000228881836,9.901000022888184,9.699999809265137,9.789999961853027,5.0503058433532715,5472200
276,2022-11-23,9.949999809265137,10.1899995803833,9.890000343322754,10.1899995803833,5.256651401519775,4980500
277,2022-11-25,10.109999656677246,10.220000267028809,10.100000381469727,10.1899995803833,5.256651401519775,1888600
278,2022-11-28,9.960000038146973,10.050000190734863,9.795000076293945,9.989999771118164,5.153479099273682,4897500
279,2022-11-29,10.09000015258789,10.170000076293945,10.03499984741211,10.15999984741211,5.241176605224609,2249400
280,2022-11-30,10.399999618530273,10.720000267028809,10.350000381469727,10.699999809265137,5.519742488861084,7346400
281,2022-12-01,10.600000381469727,10.699999809265137,10.489999771118164,10.539999961853027,5.437203407287598,7773000
282,2022-12-02,10.510000228881836,10.65999984741211,10.510000228881836,10.640000343322754,5.488790512084961,2642800
283,2022-12-05,10.729999542236328,10.779999732971191,10.489999771118164,10.529999732971191,5.4320454597473145,3783600
284,2022-12-06,10.609999656677246,10.635000228881836,10.510000228881836,10.609999656677246,5.473315238952637,3309500
285,2022-12-07,10.539999961853027,10.5600004196167,10.430000305175781,10.470000267028809,5.401094436645508,2701000
286,2022-12-08,10.5,10.835000038146973,10.484000205993652,10.779999732971191,5.561012268066406,6081800
287,2022-12-09,10.710000038146973,10.770000457763672,10.65999984741211,10.65999984741211,5.499108791351318,2943000
288,2022-12-12,10.649999618530273,10.729999542236328,10.619999885559082,10.720000267028809,5.5300612449646,2679100
289,2022-12-13,11.229999542236328,11.243000030517578,11.010000228881836,11.100000381469727,5.726088523864746,7605500
290,2022-12-14,11.239999771118164,11.550000190734863,11.0600004196167,11.140000343322754,5.746723175048828,11670800
291,2022-12-15,10.989999771118164,10.989999771118164,10.819999694824219,10.880000114440918,5.612598896026611,3877500
292,2022-12-16,10.649999618530273,10.680000305175781,10.444999694824219,10.5,5.416570663452148,6556400
293,2022-12-19,10.430000305175781,10.460000038146973,10.270000457763672,10.319999694824219,5.323714733123779,2842700
294,2022-12-20,10.461000442504883,10.670000076293945,10.4399995803833,10.550000190734863,5.442362308502197,3910300
295,2022-12-21,10.5,10.550000190734863,10.430000305175781,10.479999542236328,5.406252861022949,1591700
296,2022-12-22,10.449999809265137,10.510000228881836,10.289999961853027,10.460000038146973,5.395934581756592,3745400
297,2022-12-23,10.470000267028809,10.550000190734863,10.442999839782715,10.5,5.416570663452148,2066900
298,2022-12-27,10.489999771118164,10.510000228881836,10.324999809265137,10.369999885559082,5.349507808685303,3184900
299,2022-12-28,10.350000381469727,10.449999809265137,10.270000457763672,10.350000381469727,5.339191436767578,2738500
300,2022-12-29,10.350000381469727,10.399999618530273,10.329999923706055,10.350000381469727,5.339191436767578,2019100
301,2022-12-30,10.279999732971191,10.449999809265137,10.154999732971191,10.430000305175781,5.380460262298584,3834600
302,2023-01-03,10.569999694824219,10.585000038146973,10.430000305175781,10.489999771118164,5.411411762237549,2501100
303,2023-01-04,10.59000015258789,10.739999771118164,10.550000190734863,10.59000015258789,5.462998390197754,4408000
304,2023-01-05,10.609999656677246,10.654999732971191,10.550000190734863,10.640000343322754,5.488790512084961,1575900
305,2023-01-06,10.550000190734863,10.789999961853027,10.520000457763672,10.670000076293945,5.504266262054443,2777900
306,2023-01-09,10.890000343322754,11.020000457763672,10.850000381469727,10.880000114440918,5.612598896026611,5751700
307,2023-01-10,10.9399995803833,11.079999923706055,10.890000343322754,11.079999923706055,5.715770721435547,3269500
308,2023-01-11,11.0,11.140000343322754,10.9399995803833,11.130000114440918,5.741565704345703,3621100
309,2023-01-12,11.520000457763672,12.119999885559082,11.34000015258789,12.100000381469727,6.241952419281006,13516600
310,2023-01-13,12.020000457763672,12.380000114440918,11.994999885559082,12.380000114440918,6.386394023895264,11364700
311,2023-01-17,13.520000457763672,13.619999885559082,13.34000015258789,13.619999885559082,7.026065349578857,12929900
312,2023-01-18,13.619999885559082,13.710000038146973,12.944000244140625,13.15999984741211,6.788766384124756,25287100
313,2023-01-19,13.199000358581543,13.46500015258789,13.15999984741211,13.40999984741211,6.917733669281006,6439700
314,2023-01-20,13.390000343322754,14.25,13.354999542236328,14.1899995803833,7.320107460021973,18107600
315,2023-01-23,14.5,14.739999771118164,14.300000190734863,14.670000076293945,7.567723751068115,11053400
316,2023-01-24,14.53499984741211,14.664999961853027,14.460000038146973,14.619999885559082,7.541929244995117,6406000
317,2023-01-25,14.329999923706055,14.569999694824219,14.180000305175781,14.550000190734863,7.50581693649292,7939800
318,2023-01-26,14.720000267028809,14.760000228881836,14.5,14.699999809265137,7.583199501037598,6300900
319,2023-01-27,14.538999557495117,14.9399995803833,14.494999885559082,14.649999618530273,7.557404041290283,13773400
320,2023-01-30,14.687999725341797,14.774999618530273,14.279999732971191,14.369999885559082,7.412963390350342,9829300
321,2023-01-31,14.619999885559082,14.720000267028809,14.59000015258789,14.630000114440918,7.547087669372559,5195500
322,2023-02-01,14.460000038146973,14.854999542236328,14.25,14.789999961853027,7.708129405975342,12718400
323,2023-02-02,15.0,15.166999816894531,14.760000228881836,14.970000267028809,7.80194091796875,12849700
324,2023-02-03,14.59000015258789,14.869999885559082,14.520000457763672,14.630000114440918,7.6247429847717285,10411900
325,2023-02-06,14.260000228881836,14.496000289916992,14.220000267028809,14.399999618530273,7.504872798919678,7458700
326,2023-02-07,14.369999885559082,14.619999885559082,14.21500015258789,14.510000228881836,7.562201023101807,8196600
327,2023-02-08,14.40999984741211,14.460000038146973,14.135000228881836,14.260000228881836,7.431909084320068,6359800
328,2023-02-09,14.220000267028809,14.270000457763672,13.609999656677246,13.710000038146973,7.145265102386475,14259400
329,2023-02-10,13.604999542236328,13.680000305175781,13.420000076293945,13.550000190734863,7.061875820159912,8246900
330,2023-02-13,13.430000305175781,13.529999732971191,13.300000190734863,13.529999732971191,7.051453113555908,8258100
331,2023-02-14,13.460000038146973,13.925000190734863,13.4350004196167,13.899999618530273,7.2442851066589355,10406700
332,2023-02-15,14.145000457763672,15.199999809265137,14.100000381469727,15.09000015258789,7.864482402801514,16793400
333,2023-02-16,15.239999771118164,15.789999961853027,15.170000076293945,15.359999656677246,8.005197525024414,22172700
334,2023-02-17,14.930000305175781,15.649999618530273,14.8149995803833,15.529999732971191,8.093796730041504,15277400
335,2023-02-21,15.380000114440918,15.475000381469727,15.145999908447266,15.270000457763672,7.958292484283447,9128200
336,2023-02-22,14.949999809265137,15.029999732971191,14.71500015258789,14.84000015258789,7.734189033508301,9556300
337,2023-02-23,14.979999542236328,15.03499984741211,14.789999961853027,14.949999809265137,7.7915167808532715,7942700
338,2023-02-24,14.789999961853027,14.880000114440918,14.1899995803833,14.420000076293945,7.515296459197998,14551700
339,2023-02-27,14.78600025177002,14.859999656677246,14.340999603271484,14.479999542236328,7.546565055847168,7700000
340,2023-02-28,14.550000190734863,14.6899995803833,14.399999618530273,14.449999809265137,7.530930995941162,6209700
341,2023-03-01,14.619999885559082,14.760000228881836,14.369999885559082,14.430000305175781,7.57344388961792,4919300
342,2023-03-02,14.359999656677246,14.539999961853027,14.300000190734863,14.479999542236328,7.599687099456787,5004500
343,2023-03-03,13.779999732971191,13.829999923706055,13.670000076293945,13.6899995803833,7.185060977935791,9356000
344,2023-03-06,13.779999732971191,13.90999984741211,13.720000267028809,13.739999771118164,7.211302757263184,5277600
345,2023-03-07,13.739999771118164,13.829999923706055,13.460000038146973,13.550000190734863,7.111583232879639,8581300
346,2023-03-08,13.520000457763672,13.670000076293945,13.4399995803833,13.569999694824219,7.122081756591797,5277000
347,2023-03-09,13.369999885559082,13.390000343322754,12.260000228881836,12.350000381469727,6.481775760650635,17443700
348,2023-03-10,12.270000457763672,12.460000038146973,12.0600004196167,12.25,6.429290294647217,14404000
349,2023-03-13,13.800000190734863,15.085000038146973,13.649999618530273,14.979999542236328,7.862105846405029,29730600
350,2023-03-14,15.989999771118164,16.100000381469727,14.960000038146973,15.470000267028809,8.119277954101562,24717100
351,2023-03-15,15.460000038146973,15.5,14.729999542236328,15.050000190734863,7.898844242095947,16077600
352,2023-03-16,15.210000038146973,15.53499984741211,15.164999961853027,15.40999984741211,8.087785720825195,10952700
353,2023-03-17,16.440000534057617,16.649999618530273,16.1299991607666,16.649999618530273,8.738588333129883,27311800
354,2023-03-20,17.3799991607666,17.40999984741211,16.975000381469727,17.170000076293945,9.011504173278809,16942900
355,2023-03-21,17.34000015258789,17.611000061035156,17.145000457763672,17.40999984741211,9.137468338012695,11427000
356,2023-03-22,17.530000686645508,17.854999542236328,16.40999984741211,16.420000076293945,8.617875099182129,19835100
357,2023-03-23,16.889999389648438,17.770000457763672,16.829999923706055,17.579999923706055,9.226688385009766,19269700
358,2023-03-24,17.209999084472656,17.440000534057617,16.969999313354492,17.15999984741211,9.006255149841309,9519300
359,2023-03-27,17.110000610351562,17.149999618530273,16.299999237060547,16.600000381469727,8.712346076965332,16324800
360,2023-03-28,16.520000457763672,16.940000534057617,16.440000534057617,16.8799991607666,8.85930061340332,9822300
361,2023-03-29,17.440000534057617,17.594999313354492,17.299999237060547,17.489999771118164,9.17945384979248,8101700
362,2023-03-30,17.600000381469727,17.610000610351562,17.020000457763672,17.229999542236328,9.042996406555176,8749200
363,2023-03-31,17.40999984741211,17.670000076293945,17.389999389648438,17.520000457763672,9.195199012756348,9507400
364,2023-04-03,16.860000610351562,16.969999313354492,16.649999618530273,16.760000228881836,9.036150932312012,8597100
365,2023-04-04,16.8700008392334,16.908000946044922,16.65999984741211,16.829999923706055,9.073891639709473,6941600
366,2023-04-05,17.014999389648438,17.020000457763672,16.56999969482422,16.84000015258789,9.0792818069458,9347800
367,2023-04-06,16.65999984741211,16.81999969482422,16.5049991607666,16.690000534057617,8.998411178588867,7378400
368,2023-04-10,16.860000610351562,17.6200008392334,16.780000686645508,17.469999313354492,9.41894817352295,15452000
369,2023-04-11,18.020000457763672,18.274999618530273,17.920000076293945,18.010000228881836,9.710086822509766,15613800
370,2023-04-12,18.030000686645508,18.086999893188477,17.690000534057617,17.790000915527344,9.591477394104004,10759800
371,2023-04-13,18.1200008392334,18.360000610351562,18.045000076293945,18.15999984741211,9.790960311889648,9204400
372,2023-04-14,18.299999237060547,18.385000228881836,17.860000610351562,18.110000610351562,9.764004707336426,8301200
373,2023-04-17,17.489999771118164,17.6299991607666,17.395000457763672,17.549999237060547,9.462078094482422,5009200
374,2023-04-18,18.059999465942383,18.139999389648438,17.84000015258789,18.020000457763672,9.715481758117676,5694400
375,2023-04-19,17.40999984741211,17.577999114990234,17.329999923706055,17.399999618530273,9.381205558776855,5786900
376,2023-04-20,17.100000381469727,17.195999145507812,16.635000228881836,16.690000534057617,8.998411178588867,10648500
377,2023-04-21,16.75,16.84000015258789,16.15999984741211,16.219999313354492,8.745009422302246,8580200
378,2023-04-24,16.280000686645508,16.479999542236328,16.030000686645508,16.280000686645508,8.777359008789062,4776300
379,2023-04-25,16.280000686645508,16.530000686645508,16.15999984741211,16.420000076293945,8.852838516235352,9398400
380,2023-04-26,17.729999542236328,17.799999237060547,16.489999771118164,16.600000381469727,8.949886322021484,23874100
381,2023-04-27,17.200000762939453,17.790000915527344,17.149999618530273,17.700000762939453,9.542951583862305,13519100
382,2023-04-28,17.420000076293945,17.479999542236328,17.15999984741211,17.40999984741211,9.3865966796875,8464400
383,2023-05-01,16.530000686645508,16.559999465942383,16.065000534057617,16.079999923706055,8.882275581359863,9736100
384,2023-05-02,16.209999084472656,16.739999771118164,16.1200008392334,16.639999389648438,9.191606521606445,16581600
385,2023-05-03,16.329999923706055,16.64299964904785,16.239999771118164,16.3799991607666,9.047987937927246,12383500
386,2023-05-04,16.709999084472656,16.78499984741211,16.56999969482422,16.739999771118164,9.246845245361328,13293800
387,2023-05-05,16.799999237060547,17.2450008392334,16.780000686645508,17.190000534057617,9.495416641235352,9592500
388,2023-05-08,16.149999618530273,16.239999771118164,15.760000228881836,15.8100004196167,8.733133316040039,12125900
389,2023-05-09,16.030000686645508,16.049999237060547,15.800000190734863,16.010000228881836,8.843608856201172,4407400
390,2023-05-10,16.239999771118164,16.399999618530273,15.430000305175781,16.010000228881836,8.843608856201172,18099700
391,2023-05-11,15.8100004196167,15.899999618530273,15.430000305175781,15.510000228881836,8.567419052124023,8989900
392,2023-05-12,15.270000457763672,15.375,14.916000366210938,15.289999961853027,8.445894241333008,10304200
393,2023-05-15,15.819999694824219,16.010000228881836,15.729999542236328,15.859999656677246,8.760750770568848,6070800
394,2023-05-16,15.649999618530273,15.710000038146973,15.529999732971191,15.569999694824219,8.600561141967773,3403900
395,2023-05-17,15.449999809265137,15.890000343322754,15.324999809265137,15.850000381469727,8.755227088928223,7985100
396,2023-05-18,15.710000038146973,15.850000381469727,15.229999542236328,15.460000038146973,8.539798736572266,9027900
397,2023-05-19,15.5600004196167,15.729999542236328,15.399999618530273,15.529999732971191,8.578466415405273,6261600
398,2023-05-22,15.479999542236328,15.680000305175781,15.479999542236328,15.529999732971191,8.578466415405273,7539600
399,2023-05-23,15.770000457763672,15.84000015258789,15.670000076293945,15.720000267028809,8.683418273925781,4509400
400,2023-05-24,15.430000305175781,15.430000305175781,15.020000457763672,15.149999618530273,8.368559837341309,8394300
401,2023-05-25,15.1899995803833,15.3100004196167,15.039999961853027,15.239999771118164,8.41827392578125,7247800
402,2023-05-26,15.239999771118164,15.550000190734863,15.239999771118164,15.4399995803833,8.528751373291016,6555500
403,2023-05-30,16.15999984741211,16.197999954223633,15.890000343322754,16.1200008392334,8.904370307922363,5987800
404,2023-05-31,15.65999984741211,15.710000038146973,15.449999809265137,15.520000457763672,8.572940826416016,5401600
405,2023-06-01,15.069999694824219,15.220000267028809,14.920000076293945,15.020000457763672,8.53204345703125,7235600
406,2023-06-02,15.15999984741211,15.3100004196167,15.020000457763672,15.289999961853027,8.68541431427002,4084700
407,2023-06-05,14.970000267028809,15.015000343322754,14.170000076293945,14.319999694824219,8.13440990447998,11901200
408,2023-06-06,14.279999732971191,15.279999732971191,14.220000267028809,15.199999809265137,8.634292602539062,16512400
409,2023-06-07,15.0,15.09000015258789,14.699999809265137,14.84000015258789,8.429794311523438,5708400
410,2023-06-08,14.800000190734863,15.0600004196167,14.729999542236328,14.890000343322754,8.458196640014648,4071900
411,2023-06-09,14.989999771118164,15.0,14.770000457763672,14.779999732971191,8.395710945129395,4424400
412,2023-06-12,14.5,14.539999961853027,14.345000267028809,14.460000038146973,8.213937759399414,3662100
413,2023-06-13,14.619999885559082,14.640000343322754,14.375,14.479999542236328,8.225298881530762,2847800
414,2023-06-14,14.5600004196167,14.600000381469727,14.399999618530273,14.479999542236328,8.225298881530762,4082800
415,2023-06-15,13.989999771118164,14.270000457763672,13.899999618530273,14.239999771118164,8.088966369628906,9002500
416,2023-06-16,14.300000190734863,14.864999771118164,14.050000190734863,14.779999732971191,8.395710945129395,13207700
417,2023-06-20,15.050000190734863,15.84000015258789,14.920000076293945,15.789999961853027,8.969437599182129,14810600
418,2023-06-21,16.360000610351562,17.28499984741211,16.31999969482422,16.920000076293945,9.611329078674316,20063300
419,2023-06-22,17.040000915527344,17.110000610351562,16.614999771118164,16.979999542236328,9.64540958404541,10033300
420,2023-06-23,16.959999084472656,17.700000762939453,16.81999969482422,17.40999984741211,9.889670372009277,30382100
421,2023-06-26,17.100000381469727,17.25,16.808000564575195,16.969999313354492,9.639732360839844,10123900
422,2023-06-27,17.18000030517578,17.440000534057617,17.06999969482422,17.209999084472656,9.776061058044434,13825200
423,2023-06-28,16.920000076293945,17.110000610351562,16.75,16.889999389648438,9.59428596496582,8890600
424,2023-06-29,17.290000915527344,17.309999465942383,17.079999923706055,17.190000534057617,9.764701843261719,6181900
425,2023-06-30,17.450000762939453,17.459999084472656,16.40999984741211,16.979999542236328,9.64540958404541,25169500
426,2023-07-03,16.479999542236328,16.799999237060547,16.450000762939453,16.729999542236328,9.890152931213379,7649900
427,2023-07-05,16.219999313354492,16.447999954223633,16.200000762939453,16.329999923706055,9.6536865234375,6365100
428,2023-07-06,16.43000030517578,16.440000534057617,16.010000228881836,16.239999771118164,9.600482940673828,7977400
429,2023-07-07,16.239999771118164,16.360000610351562,16.13800048828125,16.190000534057617,9.570926666259766,7390600
430,2023-07-10,16.15999984741211,16.559999465942383,16.15999984741211,16.559999465942383,9.789654731750488,6047700
431,2023-07-11,16.270000457763672,16.514999389648438,16.200000762939453,16.399999618530273,9.695067405700684,8862600
432,2023-07-12,16.420000076293945,16.549999237060547,16.165000915527344,16.209999084472656,9.582748413085938,9254100
433,2023-07-13,16.3799991607666,17.149999618530273,16.325000762939453,17.040000915527344,10.07341480255127,30266700
434,2023-07-14,16.690000534057617,16.829999923706055,16.010000228881836,16.1299991607666,9.535454750061035,19755000
435,2023-07-17,16.170000076293945,16.229999542236328,15.850000381469727,15.970000267028809,9.440869331359863,7977000
436,2023-07-18,15.899999618530273,16.059999465942383,15.75,15.869999885559082,9.381754875183105,8064400
437,2023-07-19,15.979999542236328,16.100000381469727,15.880000114440918,16.040000915527344,9.482251167297363,6536600
438,2023-07-20,16.149999618530273,16.190000534057617,15.770000457763672,15.880000114440918,9.387664794921875,6927300
439,2023-07-21,15.960000038146973,16.075000762939453,15.895000457763672,15.949999809265137,9.429045677185059,5296600
440,2023-07-24,15.609999656677246,15.619999885559082,15.380000114440918,15.520000457763672,9.174846649169922,6137600
441,2023-07-25,15.529999732971191,15.680000305175781,15.529999732971191,15.569999694824219,9.2044038772583,3367600
442,2023-07-26,15.569999694824219,15.725000381469727,15.545000076293945,15.670000076293945,9.263520240783691,5112700
443,2023-07-27,15.6899995803833,15.720000267028809,15.420000076293945,15.470000267028809,9.145286560058594,5557000
444,2023-07-28,15.569999694824219,15.734999656677246,15.529999732971191,15.600000381469727,9.222139358520508,4035700
445,2023-07-31,15.670000076293945,15.6850004196167,15.458999633789062,15.479999542236328,9.151200294494629,4848100
446,2023-08-01,14.970000267028809,15.210000038146973,14.760000228881836,15.15999984741211,9.190605163574219,8029000
447,2023-08-02,15.239999771118164,15.279999732971191,14.935999870300293,15.079999923706055,9.142105102539062,7107600
448,2023-08-03,15.100000381469727,15.25,15.074000358581543,15.15999984741211,9.190605163574219,4353400
449,2023-08-04,15.130000114440918,15.204999923706055,14.96399974822998,15.0,9.093605995178223,3815900
450,2023-08-07,15.029999732971191,15.114999771118164,14.819999694824219,15.09000015258789,9.148168563842773,4344900
451,2023-08-08,15.279999732971191,15.609999656677246,15.20300006866455,15.529999732971191,9.41491413116455,10434400
452,2023-08-09,15.550000190734863,15.550000190734863,15.199999809265137,15.210000038146973,9.220917701721191,7128000
453,2023-08-10,15.319999694824219,15.40999984741211,15.164999961853027,15.220000267028809,9.226978302001953,4327600
454,2023-08-11,15.229999542236328,15.3149995803833,15.128999710083008,15.210000038146973,9.220917701721191,3769800
455,2023-08-14,15.15999984741211,15.390000343322754,15.130000114440918,15.15999984741211,9.190605163574219,4633700
456,2023-08-15,15.210000038146973,15.270000457763672,15.015000343322754,15.069999694824219,9.136043548583984,6533500
457,2023-08-16,15.029999732971191,15.119999885559082,14.9399995803833,15.029999732971191,9.111794471740723,5025200
458,2023-08-17,14.710000038146973,14.729999542236328,14.270000457763672,14.380000114440918,8.717737197875977,15669800
459,2023-08-18,13.529999732971191,13.619999885559082,13.210000038146973,13.4399995803833,8.147871971130371,19668200
460,2023-08-21,13.40999984741211,13.515000343322754,13.3100004196167,13.449999809265137,8.153931617736816,7225400
461,2023-08-22,13.399999618530273,13.4350004196167,13.25,13.289999961853027,8.056934356689453,5582500
462,2023-08-23,13.300000190734863,13.800000190734863,13.300000190734863,13.699999809265137,8.30549430847168,12893900
463,2023-08-24,13.550000190734863,13.5600004196167,13.289999961853027,13.399999618530273,8.123620986938477,5186300
464,2023-08-25,13.470000267028809,13.539999961853027,13.244999885559082,13.350000381469727,8.09330940246582,8841100
465,2023-08-28,13.418999671936035,13.475000381469727,13.3149995803833,13.359999656677246,8.099371910095215,5165200
466,2023-08-29,13.359999656677246,14.510000228881836,13.359999656677246,14.329999923706055,8.68742561340332,58284700
467,2023-08-30,14.100000381469727,14.109999656677246,13.890000343322754,13.949999809265137,8.457053184509277,20488100
468,2023-08-31,13.949999809265137,13.989999771118164,13.319999694824219,13.4399995803833,8.147871971130371,21074400
469,2023-09-01,13.350000381469727,13.369999885559082,12.994999885559082,13.170000076293945,7.98715877532959,9380300
470,2023-09-05,13.210000038146973,13.289999961853027,13.140000343322754,13.180000305175781,7.993222713470459,3843200
471,2023-09-06,13.180000305175781,13.388999938964844,12.970000267028809,13.180000305175781,7.993222713470459,8771600
472,2023-09-07,13.149999618530273,13.345000267028809,13.130000114440918,13.300000190734863,8.065999031066895,4175300
473,2023-09-08,13.279999732971191,13.34000015258789,13.220000267028809,13.329999923706055,8.084193229675293,4217600
474,2023-09-11,13.1899995803833,13.234999656677246,12.789999961853027,12.819999694824219,7.774894714355469,10778900
475,2023-09-12,13.399999618530273,13.65999984741211,13.289999961853027,13.380000114440918,8.11451530456543,8113200
476,2023-09-13,13.420000076293945,13.59000015258789,13.380000114440918,13.430000305175781,8.144840240478516,6952400
477,2023-09-14,13.699999809265137,13.8100004196167,13.635000228881836,13.699999809265137,8.308585166931152,7934800
478,2023-09-15,13.569999694824219,13.630000114440918,13.46500015258789,13.569999694824219,8.229744911193848,3333800
479,2023-09-18,14.020000457763672,14.08899974822998,13.65999984741211,13.770000457763672,8.35103702545166,7375000
480,2023-09-19,13.960000038146973,14.15999984741211,13.824999809265137,13.989999771118164,8.484460830688477,5751700
481,2023-09-20,13.880000114440918,14.050000190734863,13.760000228881836,13.829999923706055,8.387426376342773,5086400
482,2023-09-21,13.630000114440918,13.720000267028809,13.529999732971191,13.670000076293945,8.29039192199707,3995600
483,2023-09-22,13.670000076293945,13.720000267028809,13.609999656677246,13.619999885559082,8.260066986083984,4323800
484,2023-09-25,13.40999984741211,13.569999694824219,13.385000228881836,13.520000457763672,8.199420928955078,4015600
485,2023-09-26,13.40999984741211,13.491000175476074,13.369999885559082,13.470000267028809,8.169098854064941,3805100
486,2023-09-27,13.720000267028809,13.744999885559082,13.380000114440918,13.470000267028809,8.169098854064941,5163100
487,2023-09-28,13.600000381469727,14.0600004196167,13.579999923706055,13.960000038146973,8.466265678405762,8374000
488,2023-09-29,13.829999923706055,13.890000343322754,13.654999732971191,13.8100004196167,8.375296592712402,4044500
489,2023-10-02,14.5,14.649999618530273,14.079999923706055,14.270000457763672,8.700894355773926,9177100
490,2023-10-03,14.010000228881836,14.069999694824219,13.869999885559082,13.880000114440918,8.46309757232666,4591400
491,2023-10-04,14.0,14.199999809265137,13.899999618530273,14.09000015258789,8.591141700744629,4880400
492,2023-10-05,14.300000190734863,14.369999885559082,13.92199993133545,14.0,8.536266326904297,5868600
493,2023-10-06,13.954999923706055,14.345000267028809,13.954999923706055,14.289999961853027,8.713089942932129,6931400
494,2023-10-09,14.0,14.15999984741211,13.890000343322754,14.069999694824219,8.578948020935059,4398100
495,2023-10-10,13.970000267028809,14.09000015258789,13.899999618530273,13.9399995803833,8.499683380126953,5264500
496,2023-10-11,13.8100004196167,13.829999923706055,13.479999542236328,13.609999656677246,8.298469543457031,7125300
497,2023-10-12,13.600000381469727,13.630000114440918,13.494999885559082,13.579999923706055,8.280179023742676,3723700
498,2023-10-13,13.680000305175781,13.699999809265137,13.550999641418457,13.619999885559082,8.304566383361816,3144100
499,2023-10-16,14.9399995803833,15.399999618530273,14.145000457763672,14.520000457763672,8.853328704833984,33507800
500,2023-10-17,14.40999984741211,14.602999687194824,14.345000267028809,14.539999961853027,8.865522384643555,4536200
501,2023-10-18,14.449999809265137,14.491000175476074,14.329999923706055,14.380000114440918,8.767964363098145,3462000
502,2023-10-19,14.539999961853027,14.774999618530273,14.5,14.6899995803833,8.95698356628418,5784700
503,2023-10-20,15.0600004196167,15.1899995803833,14.949999809265137,15.09000015258789,9.200875282287598,8098700
504,2023-10-23,15.600000381469727,16.049999237060547,15.489999771118164,16.010000228881836,9.761831283569336,21067400
505,2023-10-24,17.559999465942383,17.618999481201172,16.94499969482422,17.18000030517578,10.475217819213867,36921600
506,2023-10-25,17.56999969482422,17.950000762939453,17.469999313354492,17.739999771118164,10.816669464111328,16367400
507,2023-10-26,17.479999542236328,17.559999465942383,17.190000534057617,17.280000686645508,10.536191940307617,13609500
508,2023-10-27,17.3700008392334,17.40999984741211,16.950000762939453,17.110000610351562,10.432538986206055,12549300
509,2023-10-30,17.59000015258789,17.719999313354492,17.299999237060547,17.530000686645508,10.68862533569336,10682400
510,2023-10-31,17.450000762939453,17.639999389648438,17.34000015258789,17.59000015258789,10.725210189819336,8504900
511,2023-11-01,17.59000015258789,17.6299991607666,17.15999984741211,17.530000686645508,10.77437973022461,20233600
512,2023-11-02,17.75,17.809999465942383,17.299999237060547,17.690000534057617,10.872719764709473,13341100
513,2023-11-03,17.360000610351562,17.614999771118164,17.329999923706055,17.43000030517578,10.712918281555176,11172400
514,2023-11-06,17.729999542236328,17.81999969482422,17.575000762939453,17.709999084472656,10.885011672973633,4749300
515,2023-11-07,17.549999237060547,18.235000610351562,17.43000030517578,18.139999389648438,11.149299621582031,18011400
516,2023-11-08,17.84000015258789,18.09000015258789,17.690000534057617,18.010000228881836,11.069398880004883,13128900
517,2023-11-09,18.950000762939453,19.229999542236328,17.979999542236328,18.450000762939453,11.339834213256836,40294000
518,2023-11-10,18.68000030517578,18.989999771118164,18.639999389648438,18.850000381469727,11.585684776306152,10866500
519,2023-11-13,18.59000015258789,18.690000534057617,18.389999389648438,18.540000915527344,11.395151138305664,7669200
520,2023-11-14,18.440000534057617,18.510000228881836,17.459999084472656,17.739999771118164,10.903450965881348,19778700
521,2023-11-15,18.219999313354492,19.139999389648438,18.139999389648438,19.0,11.677878379821777,18999800
522,2023-11-16,18.43000030517578,18.594999313354492,17.885000228881836,18.110000610351562,11.13086223602295,13314700
523,2023-11-17,18.290000915527344,18.639999389648438,18.059999465942383,18.3799991607666,11.296809196472168,13268900
524,2023-11-20,18.690000534057617,19.059999465942383,18.540000915527344,18.950000762939453,11.647146224975586,12925800
525,2023-11-21,18.6299991607666,18.940000534057617,18.260000228881836,18.56999969482422,11.413588523864746,20478700
526,2023-11-22,18.389999389648438,19.0,18.219999313354492,18.989999771118164,11.671730995178223,14210300
527,2023-11-24,18.950000762939453,19.47800064086914,18.950000762939453,19.110000610351562,11.74548625946045,13038000
528,2023-11-27,18.389999389648438,18.604999542236328,18.350000381469727,18.399999618530273,11.309102058410645,10118300
529,2023-11-28,18.770000457763672,19.43000030517578,18.709999084472656,19.239999771118164,11.825387001037598,15731400
530,2023-11-29,19.09000015258789,19.110000610351562,18.780000686645508,18.829999923706055,11.573392868041992,11799900
531,2023-11-30,18.860000610351562,18.920000076293945,18.709999084472656,18.8700008392334,11.597976684570312,5931100
532,2023-12-01,19.059999465942383,19.450000762939453,19.020000457763672,19.270000457763672,11.924079895019531,14038300
533,2023-12-04,20.68000030517578,20.90999984741211,20.424999237060547,20.75,12.839889526367188,21862800
534,2023-12-05,20.940000534057617,21.889999389648438,20.871999740600586,21.780000686645508,13.477241516113281,28494300
535,2023-12-06,21.959999084472656,22.0,21.690000534057617,21.729999542236328,13.446301460266113,12748900
536,2023-12-07,21.56999969482422,21.84000015258789,21.3700008392334,21.479999542236328,13.29160213470459,9733700
537,2023-12-08,21.6299991607666,22.125,21.6299991607666,22.09000015258789,13.6690673828125,17963600
538,2023-12-11,20.719999313354492,20.84000015258789,19.889999389648438,20.200000762939453,12.499554634094238,25910300
539,2023-12-12,20.68000030517578,20.68000030517578,20.110000610351562,20.389999389648438,12.617121696472168,9267000
540,2023-12-13,20.510000228881836,21.30500030517578,20.469999313354492,21.260000228881836,13.155468940734863,17117400
541,2023-12-14,21.059999465942383,21.520000457763672,20.90999984741211,21.239999771118164,13.143094062805176,13838000
542,2023-12-15,20.8700008392334,20.920000076293945,20.600000381469727,20.889999389648438,12.926517486572266,10252000
543,2023-12-18,20.530000686645508,20.788000106811523,20.334999084472656,20.75,12.839889526367188,9748100
544,2023-12-19,21.100000381469727,21.1299991607666,20.6299991607666,20.8700008392334,12.914143562316895,15240600
545,2023-12-20,21.670000076293945,21.825000762939453,21.260000228881836,21.3700008392334,13.317338943481445,19795200
546,2023-12-21,21.549999237060547,21.584999084472656,21.284000396728516,21.479999542236328,13.385887145996094,12970800
547,2023-12-22,21.270000457763672,21.6299991607666,21.270000457763672,21.440000534057617,13.360962867736816,10587400
548,2023-12-26,20.899999618530273,20.920000076293945,20.389999389648438,20.649999618530273,12.86864948272705,16317700
549,2023-12-27,21.030000686645508,21.3799991607666,20.985000610351562,21.309999465942383,13.279948234558105,26937900
550,2023-12-28,20.969999313354492,20.989999771118164,20.68000030517578,20.81999969482422,12.974590301513672,17059300
551,2023-12-29,20.959999084472656,21.100000381469727,20.219999313354492,20.489999771118164,12.768939971923828,29153100
552,2024-01-02,22.450000762939453,22.510000228881836,21.850000381469727,21.889999389648438,13.641390800476074,20878600
553,2024-01-03,20.459999084472656,21.204999923706055,20.459999084472656,20.799999237060547,12.962124824523926,33315500
554,2024-01-04,21.079999923706055,21.860000610351562,21.030000686645508,21.520000457763672,13.410818099975586,23038500
555,2024-01-05,21.299999237060547,21.625,20.950000762939453,21.40999984741211,13.342266082763672,23857500
556,2024-01-08,21.90999984741211,23.04800033569336,21.75,22.850000381469727,14.239644050598145,35638400
557,2024-01-09,22.739999771118164,22.889999389648438,22.56800079345703,22.719999313354492,14.15863037109375,22852700
558,2024-01-10,21.989999771118164,22.700000762939453,21.670000076293945,22.360000610351562,13.934288024902344,61860100
559,2024-01-11,23.149999618530273,23.829999923706055,21.989999771118164,22.329999923706055,13.915590286254883,88598800
560,2024-01-12,22.110000610351562,22.155000686645508,20.780000686645508,21.059999465942383,13.124154090881348,45976300
561,2024-01-16,20.670000076293945,20.989999771118164,20.280000686645508,20.90999984741211,13.030677795410156,24901100
562,2024-01-17,20.530000686645508,20.770000457763672,20.3799991607666,20.68000030517578,12.887345314025879,17551800
563,2024-01-18,20.545000076293945,20.719999313354492,19.59000015258789,19.719999313354492,12.289093971252441,25175200
564,2024-01-19,19.81999969482422,20.344999313354492,19.454999923706055,20.09000015258789,12.519670486450195,19460600
565,2024-01-22,19.56999969482422,19.709999084472656,19.0,19.389999389648438,12.083444595336914,26299600
566,2024-01-23,18.729999542236328,19.149999618530273,18.610000610351562,18.920000076293945,11.790549278259277,18044800
567,2024-01-24,19.309999465942383,19.420000076293945,19.059999465942383,19.110000610351562,11.908954620361328,14753200
568,2024-01-25,19.309999465942383,19.3700008392334,19.09000015258789,19.219999313354492,11.977503776550293,13602700
569,2024-01-26,19.8700008392334,20.399999618530273,19.825000762939453,20.299999237060547,12.650537490844727,18257500
570,2024-01-29,20.239999771118164,20.915000915527344,20.15999984741211,20.84000015258789,12.987054824829102,14373200
571,2024-01-30,20.920000076293945,21.100000381469727,20.8700008392334,21.020000457763672,13.099226951599121,16522500
572,2024-01-31,20.600000381469727,21.139999389648438,20.489999771118164,20.520000457763672,12.787637710571289,18090600
573,2024-02-01,20.100000381469727,20.53499984741211,20.06999969482422,20.389999389648438,12.930960655212402,14717100
574,2024-02-02,20.239999771118164,20.6200008392334,20.238000869750977,20.350000381469727,12.905594825744629,8925500
575,2024-02-05,20.540000915527344,20.56999969482422,20.024999618530273,20.049999237060547,12.715339660644531,7201000
576,2024-02-06,20.329999923706055,20.575000762939453,20.290000915527344,20.420000076293945,12.94998836517334,6601900
577,2024-02-07,20.43000030517578,21.020000457763672,20.325000762939453,20.950000762939453,13.286102294921875,9838700
578,2024-02-08,21.350000381469727,21.75,21.274999618530273,21.579999923706055,13.685637474060059,12545400
579,2024-02-09,22.290000915527344,22.8799991607666,22.200000762939453,22.540000915527344,14.294453620910645,20880200
580,2024-02-12,22.860000610351562,23.90999984741211,22.84000015258789,23.81999969482422,15.106205940246582,18818700
581,2024-02-13,23.239999771118164,23.479999542236328,22.950000762939453,23.43000030517578,14.858875274658203,15529000
582,2024-02-14,24.530000686645508,24.729999542236328,24.31399917602539,24.559999465942383,15.575498580932617,16483000
583,2024-02-15,24.889999389648438,25.110000610351562,24.479999542236328,24.559999465942383,15.575498580932617,17783700
584,2024-02-16,24.809999465942383,24.915000915527344,24.489999771118164,24.610000610351562,15.607208251953125,13202800
585,2024-02-20,24.799999237060547,24.84000015258789,24.049999237060547,24.65999984741211,15.638917922973633,13097100
586,2024-02-21,24.1200008392334,24.34600067138672,23.975000381469727,24.100000381469727,15.28377628326416,9987000
587,2024-02-22,24.170000076293945,24.665000915527344,24.1299991607666,24.600000381469727,15.600866317749023,11399900
588,2024-02-23,24.190000534057617,24.270000457763672,23.924999237060547,24.149999618530273,15.315486907958984,9199800
589,2024-02-26,24.290000915527344,26.020000457763672,24.290000915527344,25.799999237060547,16.36188316345215,24040300
590,2024-02-27,26.8700008392334,27.229999542236328,26.579999923706055,26.93000030517578,17.078510284423828,23197800
591,2024-02-28,28.420000076293945,30.31999969482422,28.0,28.450000762939453,18.042465209960938,72413900
592,2024-02-29,29.889999389648438,30.03499984741211,28.459999084472656,29.229999542236328,18.537126541137695,40650100
593,2024-03-01,28.719999313354492,29.170000076293945,28.139999389648438,29.0,18.859691619873047,27870800
594,2024-03-04,30.040000915527344,31.34000015258789,30.040000915527344,31.139999389648438,20.25140953063965,40152400
595,2024-03-05,31.100000381469727,31.97800064086914,27.440000534057617,28.459999084472656,18.508512496948242,84052700
596,2024-03-06,30.65999984741211,31.079999923706055,30.020000457763672,30.829999923706055,20.049806594848633,23411600
597,2024-03-07,31.010000228881836,31.364999771118164,30.65999984741211,31.110000610351562,20.231897354125977,18464400
598,2024-03-08,31.389999389648438,32.40999984741211,30.450000762939453,31.799999237060547,20.68062973022461,45517100
599,2024-03-11,33.29999923706055,33.529998779296875,32.75,33.16999816894531,21.571584701538086,24019400
600,2024-03-12,33.220001220703125,33.63999938964844,31.540000915527344,32.790000915527344,21.324459075927734,34999700
601,2024-03-13,33.40999984741211,33.790000915527344,32.959999084472656,33.650001525878906,21.883747100830078,17407900
602,2024-03-14,33.310001373291016,33.404998779296875,31.389999389648438,31.770000457763672,20.66111946105957,42225300
603,2024-03-15,31.110000610351562,32.380001068115234,30.920000076293945,31.68000030517578,20.60258674621582,28848200
604,2024-03-18,31.15999984741211,31.43000030517578,30.489999771118164,30.6200008392334,19.913236618041992,21446900
605,2024-03-19,29.18000030517578,30.149999618530273,28.485000610351562,29.420000076293945,19.13283348083496,24851900
606,2024-03-20,29.030000686645508,30.2549991607666,28.40999984741211,30.110000610351562,19.58156394958496,23632200
607,2024-03-21,30.950000762939453,30.979999542236328,29.655000686645508,29.799999237060547,19.379961013793945,20993500
608,2024-03-22,29.309999465942383,29.3799991607666,28.6200008392334,29.15999984741211,18.963743209838867,14937900
609,2024-03-25,30.600000381469727,32.540000915527344,30.59000015258789,32.47999954223633,21.12285614013672,19166000
610,2024-03-26,32.25,32.43000030517578,31.649999618530273,31.709999084472656,20.622098922729492,14632200
611,2024-03-27,32.720001220703125,32.7599983215332,31.149999618530273,31.260000228881836,20.329448699951172,24538300
612,2024-03-28,32.5,32.75,32.150001525878906,32.29999923706055,21.005796432495117,16802000
613,2024-04-01,30.75,30.829999923706055,29.8700008392334,30.639999389648438,20.6585636138916,13986500
614,2024-04-02,28.43000030517578,29.110000610351562,28.299999237060547,28.90999984741211,19.492137908935547,16507300
615,2024-04-03,28.84000015258789,29.395000457763672,28.780000686645508,28.889999389648438,19.478652954101562,8646400
616,2024-04-04,29.530000686645508,30.459999084472656,29.469999313354492,30.030000686645508,20.247282028198242,12002100
617,2024-04-05,29.309999465942383,30.110000610351562,29.309999465942383,29.510000228881836,19.896677017211914,11770500
618,2024-04-08,31.70199966430664,31.729999542236328,31.239999771118164,31.489999771118164,21.231664657592773,11915100
619,2024-04-09,30.959999084472656,31.1299991607666,29.889999389648438,30.219999313354492,20.375385284423828,10698500
620,2024-04-10,29.6200008392334,30.719999313354492,29.530000686645508,30.700000762939453,20.699018478393555,17122700
621,2024-04-11,31.059999465942383,31.104999542236328,30.454999923706055,30.899999618530273,20.8338680267334,10287300
622,2024-04-12,30.739999771118164,30.829999923706055,28.549999237060547,29.280000686645508,19.741605758666992,24975500
623,2024-04-15,29.031999588012695,29.165000915527344,27.280000686645508,27.68000030517578,18.662830352783203,14721800
624,2024-04-16,27.68000030517578,27.760000228881836,27.010000228881836,27.459999084472656,18.514495849609375,10160000
625,2024-04-17,27.270000457763672,27.559999465942383,26.059999465942383,26.639999389648438,17.961624145507812,14154800
626,2024-04-18,27.34000015258789,28.084999084472656,27.049999237060547,27.770000457763672,18.723508834838867,9383100
627,2024-04-19,28.299999237060547,28.489999771118164,27.760000228881836,28.100000381469727,18.946006774902344,10218300
628,2024-04-22,28.84000015258789,29.219999313354492,28.68000030517578,29.030000686645508,19.57304573059082,9818200
629,2024-04-23,28.899999618530273,29.34000015258789,28.850000381469727,29.010000228881836,19.559560775756836,5901400
630,2024-04-24,28.780000686645508,28.93000030517578,27.760000228881836,27.850000381469727,18.777448654174805,9897900
631,2024-04-25,27.520000457763672,28.280000686645508,27.360000610351562,28.219999313354492,19.02691650390625,7936000
632,2024-04-26,27.770000457763672,28.249000549316406,27.540000915527344,27.700000762939453,18.676315307617188,7664400
633,2024-04-29,27.190000534057617,27.520000457763672,26.809999465942383,27.40999984741211,18.480785369873047,5918800
634,2024-04-30,26.540000915527344,26.739999771118164,25.579999923706055,25.610000610351562,17.267162322998047,13204900
635,2024-05-01,23.40999984741211,24.139999389648438,22.940000534057617,23.059999465942383,16.640090942382812,20276100
636,2024-05-02,23.850000381469727,24.229999542236328,23.649999618530273,24.1299991607666,17.412202835083008,7672900
637,2024-05-03,24.8799991607666,25.309999465942383,24.860000610351562,25.219999313354492,18.198745727539062,8522100
638,2024-05-06,25.809999465942383,26.110000610351562,25.46500015258789,25.65999984741211,18.516250610351562,7638100
639,2024-05-07,25.860000610351562,26.15999984741211,25.520000457763672,25.610000610351562,18.48017120361328,5992900
640,2024-05-08,25.15999984741211,25.520000457763672,25.059999465942383,25.219999313354492,18.198745727539062,5703500
641,2024-05-09,24.8700008392334,25.4950008392334,24.690000534057617,25.360000610351562,18.299772262573242,7056200
642,2024-05-10,25.5,25.64699935913086,24.420000076293945,24.639999389648438,17.78022003173828,10976400
643,2024-05-13,25.540000915527344,25.799999237060547,25.40999984741211,25.68000030517578,18.530683517456055,5842500
644,2024-05-14,25.15999984741211,25.299999237060547,24.799999237060547,24.979999542236328,18.025564193725586,4944300
645,2024-05-15,26.110000610351562,27.02899932861328,25.989999771118164,26.84000015258789,19.367740631103516,14411500
646,2024-05-16,26.84000015258789,27.0,26.239999771118164,26.489999771118164,19.11518096923828,6815800
647,2024-05-17,26.940000534057617,27.450000762939453,26.719999313354492,27.219999313354492,19.64194679260254,9684700
648,2024-05-20,27.200000762939453,28.520000457763672,27.09000015258789,28.469999313354492,20.5439453125,9396700
649,2024-05-21,28.84000015258789,28.96500015258789,28.075000762939453,28.110000610351562,20.28417205810547,7868900
650,2024-05-22,28.31999969482422,28.719999313354492,28.09000015258789,28.270000457763672,20.399627685546875,6222100
651,2024-05-23,28.110000610351562,28.170000076293945,27.040000915527344,27.200000762939453,19.62751579284668,7309300
652,2024-05-24,27.3799991607666,28.149999618530273,27.15999984741211,28.06999969482422,20.255306243896484,5615700
653,2024-05-28,27.719999313354492,27.78499984741211,27.229999542236328,27.709999084472656,19.99553108215332,4803400
654,2024-05-29,27.479000091552734,27.530000686645508,27.174999237060547,27.229999542236328,19.6491641998291,3841900
655,2024-05-30,27.649999618530273,28.209999084472656,27.56999969482422,27.8700008392334,20.110986709594727,7574600
656,2024-05-31,27.799999237060547,27.860000610351562,26.889999389648438,27.280000686645508,19.685243606567383,10617900
657,2024-06-03,26.440000534057617,26.639999389648438,25.9950008392334,26.15999984741211,20.185245513916016,9669700
658,2024-06-04,26.260000228881836,26.94499969482422,26.170000076293945,26.670000076293945,20.578765869140625,7516300
659,2024-06-05,26.90999984741211,27.209999084472656,26.610000610351562,26.969999313354492,20.810245513916016,6188200
660,2024-06-06,26.90999984741211,27.145000457763672,26.6299991607666,26.639999389648438,20.555614471435547,4764000
661,2024-06-07,27.040000915527344,27.15999984741211,25.790000915527344,26.15999984741211,20.185245513916016,8724100
662,2024-06-10,26.149999618530273,26.540000915527344,26.110000610351562,26.229999542236328,20.2392578125,4962200
663,2024-06-11,25.34000015258789,25.540000915527344,24.93000030517578,25.43000030517578,19.621971130371094,6791000
664,2024-06-12,26.15999984741211,26.469999313354492,25.360000610351562,25.489999771118164,19.66826820373535,8419700
665,2024-06-13,25.700000762939453,25.799999237060547,24.950000762939453,25.1299991607666,19.39048957824707,7856000
666,2024-06-14,25.400999069213867,25.43000030517578,24.520000457763672,24.690000534057617,19.050983428955078,7119500
667,2024-06-17,24.760000228881836,25.39699935913086,24.510000228881836,25.15999984741211,19.413637161254883,6331000
668,2024-06-18,24.43000030517578,24.625,24.110000610351562,24.219999313354492,18.68832778930664,6669300
669,2024-06-20,24.610000610351562,24.68899917602539,24.295000076293945,24.479999542236328,18.888944625854492,6318600
670,2024-06-21,23.950000762939453,24.25,23.850000381469727,24.200000762939453,18.672893524169922,6024900
671,2024-06-24,23.030000686645508,23.219999313354492,22.18000030517578,22.270000457763672,17.183691024780273,16587800
672,2024-06-25,23.06999969482422,23.4950008392334,22.940000534057617,23.31999969482422,17.993879318237305,12954200
673,2024-06-26,23.15999984741211,23.31999969482422,22.81999969482422,22.93000030517578,17.69295310974121,5496800
674,2024-06-27,23.179000854492188,23.485000610351562,23.059999465942383,23.09000015258789,17.8164119720459,5218300
675,2024-06-28,23.09000015258789,23.2450008392334,22.479999542236328,22.510000228881836,17.368879318237305,10778500
676,2024-07-01,22.100000381469727,22.40999984741211,21.90999984741211,22.149999618530273,18.31392478942871,12910800
677,2024-07-02,22.030000686645508,22.1299991607666,21.6200008392334,21.690000534057617,17.933591842651367,5981600
678,2024-07-03,21.09000015258789,21.329999923706055,20.959999084472656,21.15999984741211,17.495380401611328,4561700
679,2024-07-05,19.454999923706055,19.9950008392334,19.385000228881836,19.760000228881836,16.337841033935547,19552100
680,2024-07-08,20.059999465942383,20.1200008392334,19.260000228881836,19.770000457763672,16.34610939025879,13741800
681,2024-07-09,20.049999237060547,20.440000534057617,19.959999084472656,20.280000686645508,16.767784118652344,8911700
682,2024-07-10,20.329999923706055,20.334999084472656,20.079999923706055,20.09000015258789,16.610689163208008,7173600
683,2024-07-11,20.600000381469727,20.674999237060547,20.024999618530273,20.09000015258789,16.610689163208008,7814900
684,2024-07-12,20.18000030517578,20.524999618530273,20.145000457763672,20.219999313354492,16.718175888061523,8204500
685,2024-07-15,22.020000457763672,22.40999984741211,21.889999389648438,22.209999084472656,18.363534927368164,13611400
686,2024-07-16,22.389999389648438,22.864999771118164,22.09000015258789,22.850000381469727,18.892696380615234,10319900
687,2024-07-17,22.700000762939453,22.915000915527344,22.350000381469727,22.6200008392334,18.702529907226562,7465800
688,2024-07-18,22.700000762939453,22.760000228881836,22.1200008392334,22.219999313354492,18.371801376342773,7094200
689,2024-07-19,22.450000762939453,23.649999618530273,22.440000534057617,23.540000915527344,19.463199615478516,11495400
690,2024-07-22,23.649999618530273,23.885000228881836,23.280000686645508,23.8799991607666,19.744314193725586,6905700
691,2024-07-23,23.290000915527344,23.559999465942383,22.8799991607666,22.920000076293945,18.950572967529297,9498000
692,2024-07-24,23.34000015258789,23.489999771118164,22.920000076293945,22.959999084472656,18.983644485473633,6301600
693,2024-07-25,22.469999313354492,22.770000457763672,22.1299991607666,22.56999969482422,18.66118812561035,6464400
694,2024-07-26,23.56999969482422,23.84000015258789,23.360000610351562,23.760000228881836,19.645095825195312,6837200
695,2024-07-29,24.350000381469727,24.360000610351562,23.165000915527344,23.43000030517578,19.37224769592285,11833800
696,2024-07-30,23.200000762939453,23.329999923706055,22.809999465942383,22.950000762939453,18.975378036499023,6819200
697,2024-07-31,23.100000381469727,23.28499984741211,22.608999252319336,22.690000534057617,18.760406494140625,8494300
698,2024-08-01,21.040000915527344,21.170000076293945,20.264999389648438,20.610000610351562,18.20138168334961,9110800
699,2024-08-02,21.1200008392334,21.3700008392334,20.309999465942383,20.350000381469727,17.97176742553711,12462600
700,2024-08-05,16.18000030517578,18.09000015258789,16.149999618530273,17.40999984741211,15.375353813171387,24236000
701,2024-08-06,17.950000762939453,18.600000381469727,17.709999084472656,18.5,16.337968826293945,10242000
702,2024-08-07,18.639999389648438,18.729999542236328,17.795000076293945,17.799999237060547,15.719775199890137,11338200
703,2024-08-08,18.829999923706055,19.524999618530273,18.469999313354492,19.399999618530273,17.132789611816406,11706600
704,2024-08-09,19.655000686645508,19.899999618530273,19.389999389648438,19.799999237060547,17.48604393005371,9686700
705,2024-08-12,19.3700008392334,19.770000457763672,18.829999923706055,19.200000762939453,16.95616340637207,10249100
706,2024-08-13,19.15999984741211,20.059999465942383,19.150999069213867,19.799999237060547,17.48604393005371,5557400
707,2024-08-14,19.760000228881836,19.829999923706055,19.094999313354492,19.139999389648438,16.903175354003906,5277500
708,2024-08-15,19.229999542236328,19.479999542236328,18.440000534057617,18.559999465942383,16.390958786010742,8251000
709,2024-08-16,19.06999969482422,19.5,18.770000457763672,19.450000762939453,17.17694664001465,5604900
710,2024-08-19,19.100000381469727,19.29599952697754,18.89299964904785,19.200000762939453,16.95616340637207,4837800
711,2024-08-20,19.68000030517578,19.844999313354492,19.040000915527344,19.350000381469727,17.088632583618164,7658100
712,2024-08-21,19.350000381469727,20.049999237060547,19.149999618530273,20.030000686645508,17.689165115356445,6895000
713,2024-08-22,19.770000457763672,19.81999969482422,19.530000686645508,19.600000381469727,17.309417724609375,4497600
714,2024-08-23,19.850000381469727,20.768999099731445,19.75,20.690000534057617,18.272031784057617,11118100
715,2024-08-26,20.75,20.770000457763672,20.479999542236328,20.579999923706055,18.174888610839844,5369900
716,2024-08-27,20.25,20.270000457763672,19.93000030517578,20.170000076293945,17.812803268432617,6388800
717,2024-08-28,19.40999984741211,19.479999542236328,18.770000457763672,19.100000381469727,16.86785125732422,10751500
718,2024-08-29,19.540000915527344,19.84000015258789,19.09000015258789,19.209999084472656,16.964994430541992,9660200
719,2024-08-30,19.299999237060547,19.40999984741211,18.700000762939453,19.0,16.779537200927734,8959200
720,2024-09-03,17.940000534057617,17.940000534057617,17.40999984741211,17.59000015258789,16.589963912963867,9803200
721,2024-09-04,17.110000610351562,17.760000228881836,17.0,17.6200008392334,16.61825942993164,7811900
722,2024-09-05,17.149999618530273,17.360000610351562,16.889999389648438,16.969999313354492,16.005212783813477,8055700
723,2024-09-06,17.209999084472656,17.25,16.110000610351562,16.190000534057617,15.26955795288086,10673700
724,2024-09-09,16.81999969482422,17.3700008392334,16.6200008392334,17.34000015258789,16.354177474975586,9166400
725,2024-09-10,17.270000457763672,17.606000900268555,17.1299991607666,17.59000015258789,16.589963912963867,5701900
726,2024-09-11,17.219999313354492,17.600000381469727,16.81999969482422,17.469999313354492,16.47678565979004,7489800
727,2024-09-12,17.489999771118164,17.770000457763672,17.3700008392334,17.700000762939453,16.693710327148438,6246800
728,2024-09-13,17.5,18.21500015258789,17.485000610351562,18.1200008392334,17.089832305908203,8726400
729,2024-09-16,17.729999542236328,17.7450008392334,17.40999984741211,17.549999237060547,16.55223846435547,6066400
730,2024-09-17,17.969999313354492,18.6200008392334,17.860000610351562,18.18000030517578,17.146421432495117,10714200
731,2024-09-18,18.139999389648438,18.59000015258789,17.93000030517578,18.190000534057617,17.155853271484375,8646600
732,2024-09-19,19.170000076293945,19.3700008392334,18.989999771118164,19.170000076293945,18.080137252807617,8260500
733,2024-09-20,19.059999465942383,19.260000228881836,18.898000717163086,19.040000915527344,17.957529067993164,5758700
734,2024-09-23,19.18000030517578,19.334999084472656,19.09000015258789,19.18000030517578,18.089569091796875,4845600
735,2024-09-24,19.229999542236328,19.520000457763672,18.979999542236328,19.5,18.391376495361328,6002100
736,2024-09-25,19.239999771118164,19.389999389648438,19.059999465942383,19.1299991607666,18.042409896850586,4234400
737,2024-09-26,19.510000228881836,19.959999084472656,19.43000030517578,19.610000610351562,18.4951229095459,8027500
738,2024-09-27,19.8799991607666,20.18000030517578,19.795000076293945,19.8799991607666,18.749771118164062,11135500
739,2024-09-30,19.34000015258789,19.389999389648438,19.049999237060547,19.190000534057617,18.099000930786133,7937500
740,2024-10-01,18.059999465942383,18.09000015258789,17.3799991607666,17.59000015258789,17.59000015258789,11245200
741,2024-10-02,17.34000015258789,17.790000915527344,17.100000381469727,17.139999389648438,17.139999389648438,7711100
742,2024-10-03,17.229999542236328,17.399999618530273,17.059999465942383,17.3799991607666,17.3799991607666,6171100
743,2024-10-04,17.520000457763672,17.81599998474121,17.299999237060547,17.770000457763672,17.770000457763672,5808800
